﻿awbNo,Order No.,Client Name,Order Branch,Origin,Destination,Destination Latitude,Destination Longitude,Order Type,Order State,Delivery Type,Delivery Location Type,Order Date,Start Date,End Date,Notes,Payment Type,Order Value,Re-calculated Value,Amount Collected,Payment Subtype,Transaction Id,Cash Mismatch Reason,Opening Cash,Closing Cash,Status,Planned Service Time,Service Time,Delivery Associate,DB Employee ID,Assigned Through,Trip,Planned Checkout Time,Start Time (Actual),End Time (Actual),Planned Distance,Actual Distance Travelled,Actual Distance from Hub,Actual Tracked Distance,Start Time (Planned),End Time (Planned),Time Taken (Difference in Mins.),Check-in Time,Check-out Time,Check-in Latitude,Check-in Longitude,Check-out Latitude,Check-out Longitude,Order Sequence,Vendor/Customer code,Customer Name,POD count,No. of Crates,Weight (Kg),Volume (Cc),Customer comments,Reason,Ratings,No. of Attempts,Territory Enter Time,Territory Exit Time,Delayed,Delayed by (Mins),Scan Status,Parent Order No,Territory Name,Priority
Ord_2414871_File,=("Ord_4429968_File"),Test Automation Client,Test Automation Client Main Branch,Test Automation Client Main Branch,"A901 Supreme Business Park,South Avenue,Powai,Mumbai,Maharashtra,INDIA,400076",19.1093,72.8545,Delivery,Forward,Delivery Boy,,"15, Jun 2019 09:05 PM","15, Jun 2019 10:10 PM","15, Jun 2019 10:40 PM",,COD,2000.0000,-,0.0000,-,-,-,,,Not Dispatched,10,-,,-,-,,=(""),=(""),=(""),0.0,,5.777494430541992,,=(""),=(""),,=(""),=(""),,,,,,Cust_2256,User_7568,,6,4.0,500.0,,-,0.0,0,NA,NA,N,-,-,-,Geofence Not Mapped,-
Awb_4128637,=("ord_174759579993_test"),Test Automation Client,Test Automation Client Main Branch,Test Automation Client Main Branch,"A901 Supreme Business Park,South Avenue,Powai,Near Hiranandani Gardens,Mumbai,Maharashtra,INDIA,400076",19.1115,72.9093,Delivery,Forward,,,"15, Jun 2019 08:47 PM","15, Jun 2019 08:52 PM","15, Jun 2019 09:22 PM",,COD,200.0000,-,0.0000,-,-,-,,,Not Dispatched,15,-,,-,-,,=(""),=(""),=(""),0.0,,0.739,,=(""),=(""),,=(""),=(""),,,,,,Cust_1152,User_9999,,2,10.0,10.1,,-,0.0,0,NA,NA,Y,2,-,-,Geofence Not Mapped,-
Awb_7112236,=("ord_802330240955_test"),Test Automation Client,Test Automation Client Main Branch,Test Automation Client Main Branch,"A901 Supreme Business Park,South Avenue,Powai,Near Hiranandani Gardens,Mumbai,Maharashtra,INDIA,400076",19.1115,72.9093,Delivery,Forward,,,"15, Jun 2019 08:45 PM","15, Jun 2019 09:50 PM","15, Jun 2019 10:20 PM",,COD,200.0000,-,0.0000,-,-,-,,,CANCELLED,15,-,,-,-,,=(""),"15, Jun 2019 09:08 PM","15, Jun 2019 09:08 PM",0.0,,0.42653268575668335,,=(""),=(""),0,=(""),"15, Jun 2019 09:08 PM",,,,,,Cust_7959,User_1181,,2,10.0,10.1,,Delivery Boy not available,0.0,0,NA,NA,N,-,-,-,Geofence Not Mapped,-
Awb_9796259,=("ord_904077127203_test"),Test Automation Client,Test Automation Client Main Branch,Test Automation Client Main Branch,"A901 Supreme Business Park,South Avenue,Powai,Near Hiranandani Gardens,Mumbai,Maharashtra,INDIA,400076",19.1115,72.9093,Delivery,Forward,,,"15, Jun 2019 08:41 PM","15, Jun 2019 09:46 PM","15, Jun 2019 10:16 PM",,COD,200.0000,-,0.0000,-,-,-,,,Attempted Delivery,15,-,,-,-,,=(""),"15, Jun 2019 09:04 PM","15, Jun 2019 09:04 PM",0.0,,0.42653268575668335,,=(""),=(""),0,=(""),"15, Jun 2019 09:04 PM",,,0.0,0.0,,Cust_5495,User_5132,,2,10.0,10.1,,No customer at delivery location,0.0,1,NA,NA,N,-,-,-,Geofence Not Mapped,-
Awb_4282855,=("ord_654339654165_test"),Test Automation Client,Test Automation Client Main Branch,Test Automation Client Main Branch,"A901 Supreme Business Park,South Avenue,Powai,Near Hiranandani Gardens,Mumbai,Maharashtra,INDIA,400076",19.1115,72.9093,Delivery,Forward,,,"15, Jun 2019 08:39 PM","15, Jun 2019 09:44 PM","15, Jun 2019 10:14 PM",,COD,200.0000,200.0000,200.0000,-,-,-,,,Delivered,15,-,,-,-,,=(""),"15, Jun 2019 09:02 PM","15, Jun 2019 09:02 PM",0.0,,0.42653268575668335,,=(""),=(""),0,=(""),"15, Jun 2019 09:02 PM",,,,,,Cust_5089,User_5835,,2,10.0,10.1,,-,0.0,1,NA,NA,N,-,-,-,Geofence Not Mapped,-
Awb_0314420,=("ord_653530619259_test"),Test Automation Client,Test Automation Client Main Branch,Test Automation Client Main Branch,"A901 Supreme Business Park,South Avenue,Powai,Near Hiranandani Gardens,Mumbai,Maharashtra,INDIA,400076",19.1115,72.9093,Delivery,Forward,,,"15, Jun 2019 08:37 PM","15, Jun 2019 08:42 PM","15, Jun 2019 09:12 PM",,COD,200.0000,-,0.0000,-,-,-,,,Not Dispatched,15,-,,-,-,,=(""),=(""),=(""),0.0,,0.42653268575668335,,=(""),=(""),,=(""),=(""),,,,,,Cust_5854,User_6770,,2,10.0,10.1,,-,0.0,0,NA,NA,Y,12,-,-,Geofence Not Mapped,-
Ord_1214579_File,=("OrdWallets_9912223_File"),Account_Test,Mumbai,Mumbai,"A901 Supreme Business Park,South Avenue,Powai,Mumbai,Maharashtra,INDIA,400076",19.1093,72.8545,Delivery,Forward,Delivery Boy,,"15, Jun 2019 10:06 AM","15, Jun 2019 11:11 AM","15, Jun 2019 11:41 AM",,COD,2000.0000,2000.0000,2000.0000,-,-,-,,,Delivered,10,-,,-,-,,=(""),"15, Jun 2019 10:25 AM","15, Jun 2019 10:25 AM",0.0,,18.998411178588867,,=(""),=(""),0,=(""),"15, Jun 2019 10:25 AM",,,,,,Cust_8796,User_9110,,6,4.0,500.0,,-,0.0,1,NA,NA,N,-,-,-,Geofence Not Mapped,-
Ord_3129485_test,=("Ord_8996070_test"),Test Automation Client,Mumbai,Mumbai,"A901 Supreme Business Park,South Avenue,Near Hiranandani Gardens,Mumbai,Maharashtra,INDIA,400076",19.1093,72.8545,Delivery,Forward,,,"10, Jun 2019 05:33 AM","15, Jun 2019 06:23 AM","15, Jun 2019 06:53 AM",,Prepaid,0.0000,-,0.0000,-,-,-,,,Intransit,15,-,User_4687755,6437447,Planning,TRIP-9746,"15, Jun 2019 01:00 AM","15, Jun 2019 12:04 AM",=(""),20.71,,18.998411178588867,,"15, Jun 2019 12:04 AM","15, Jun 2019 01:00 AM",,=(""),=(""),,,,,1,Cust_9788,User_9585,,10,,,,-,0.0,0,NA,NA,Y,871,-,-,Geofence Not Mapped,-
Ord_7175515_test,=("Ord_WH_8202438325_test"),Test Automation Client,Test Automation Client Main Branch,Test Automation Client Main Branch,"A901 Supreme Business Park,South Avenue,Near Hiranandani Gardens,Mumbai,Maharashtra,INDIA,400076",19.1093,72.8545,Delivery,Forward,,,"10, Jun 2019 05:32 AM","15, Jun 2019 06:22 AM","15, Jun 2019 06:52 AM",,Prepaid,0.0000,-,0.0000,-,-,-,,,Not Dispatched,15,-,,-,-,,=(""),=(""),=(""),0.0,,5.777494430541992,,=(""),=(""),,=(""),=(""),,,,,,Cust_8651,User_8418,,10,,,,-,0.0,0,NA,NA,Y,872,-,-,Geofence Not Mapped,-
Ord_3199903_test,=("Ord_6239706_test"),Test Automation Client,Mumbai,Mumbai,"A901 Supreme Business Park,South Avenue,Near Hiranandani Gardens,Mumbai,Maharashtra,INDIA,400076",19.1093,72.8545,Delivery,Forward,,,"10, Jun 2019 05:31 AM","15, Jun 2019 06:21 AM","15, Jun 2019 06:51 AM",,Prepaid,0.0000,-,0.0000,-,-,-,,,Intransit,15,-,User_9942958,6267685,Planning,TRIP-9744,"15, Jun 2019 12:58 AM","15, Jun 2019 12:02 AM",=(""),20.71,,18.998411178588867,,"15, Jun 2019 12:02 AM","15, Jun 2019 12:58 AM",,=(""),=(""),,,,,1,Cust_0821,User_9792,,10,,,,-,0.0,0,NA,NA,Y,873,-,-,Geofence Not Mapped,-
Ord_4938354_test,=("Ord_WH_1354304363_test"),Test Automation Client,Test Automation Client Main Branch,Test Automation Client Main Branch,"A901 Supreme Business Park,South Avenue,Near Hiranandani Gardens,Mumbai,Maharashtra,INDIA,400076",19.1093,72.8545,Delivery,Forward,,,"10, Jun 2019 05:30 AM","15, Jun 2019 06:20 AM","15, Jun 2019 06:50 AM",,Prepaid,0.0000,-,0.0000,-,-,-,,,Not Dispatched,15,-,,-,-,,=(""),=(""),=(""),0.0,,5.777494430541992,,=(""),=(""),,=(""),=(""),,,,,,Cust_2925,User_5829,,10,,,,-,0.0,0,NA,NA,Y,873,-,-,Geofence Not Mapped,-
Ord_7117881_test,=("Ord_9461320_test"),Test Automation Client,Mumbai,Mumbai,"A901 Supreme Business Park,South Avenue,Near Hiranandani Gardens,Mumbai,Maharashtra,INDIA,400076",19.1093,72.8545,Delivery,Forward,,,"10, Jun 2019 05:29 AM","15, Jun 2019 06:19 AM","15, Jun 2019 06:49 AM",,Prepaid,0.0000,-,0.0000,-,-,-,,,Intransit,15,-,User_1934823,8297915,Planning,TRIP-9742,"15, Jun 2019 12:56 AM","15, Jun 2019 12:00 AM",=(""),20.71,,18.998411178588867,,"15, Jun 2019 12:00 AM","15, Jun 2019 12:56 AM",,=(""),=(""),,,,,1,Cust_6141,User_6907,,10,,,,-,0.0,0,NA,NA,Y,875,-,-,Geofence Not Mapped,-
Ord_3401236_test,=("Ord_WH_5414630368_test"),Test Automation Client,Test Automation Client Main Branch,Test Automation Client Main Branch,"A901 Supreme Business Park,South Avenue,Near Hiranandani Gardens,Mumbai,Maharashtra,INDIA,400076",19.1093,72.8545,Delivery,Forward,,,"10, Jun 2019 05:29 AM","15, Jun 2019 06:19 AM","15, Jun 2019 06:49 AM",,Prepaid,0.0000,-,0.0000,-,-,-,,,Not Dispatched,15,-,,-,-,,=(""),=(""),=(""),0.0,,5.777494430541992,,=(""),=(""),,=(""),=(""),,,,,,Cust_0521,User_3266,,10,,,,-,0.0,0,NA,NA,Y,875,-,-,Geofence Not Mapped,-
Ord_4867765_test,=("Ord_7946818_test"),Test Automation Client,Mumbai,Mumbai,"A901 Supreme Business Park,South Avenue,Near Hiranandani Gardens,Mumbai,Maharashtra,INDIA,400076",19.1093,72.8545,Delivery,Forward,,,"10, Jun 2019 05:21 AM","15, Jun 2019 06:11 AM","15, Jun 2019 06:41 AM",,Prepaid,0.0000,-,0.0000,-,-,-,,,Not Dispatched,15,-,,-,-,,=(""),=(""),=(""),0.0,,18.998411178588867,,=(""),=(""),,=(""),=(""),,,,,,Cust_0281,User_1780,,10,,,,-,0.0,0,NA,NA,Y,882,-,-,Geofence Not Mapped,-
Ord_5907755_test,=("ord_412277931232_test"),Test Automation Client,Test Automation Client Main Branch,Test Automation Client Main Branch,"A901 Supreme Business Park,South Avenue,Near Hiranandani Gardens,Mumbai,Maharashtra,INDIA,400076",19.1093,72.8545,Delivery,Forward,,,"10, Jun 2019 05:11 AM","15, Jun 2019 06:01 AM","15, Jun 2019 06:31 AM",,Prepaid,0.0000,-,0.0000,-,-,-,,,Not Dispatched,15,-,,-,-,,=(""),=(""),=(""),0.0,,5.777494430541992,,=(""),=(""),,=(""),=(""),,,,,,Cust_5774,User_5430,,10,,,,-,0.0,0,NA,NA,Y,892,-,-,Geofence Not Mapped,-
Ord_8887291_UPD,=("ord_144139552321_test"),Test Automation Client,Test Automation Client Main Branch,Test Automation Client Main Branch,"A901 Supreme Business Park,South Avenue,Near Hiranandani Gardens,nullMumbai,400076",19.1092,72.8545,Delivery,Forward,,,"10, Jun 2019 05:04 AM","15, Jun 2019 06:44 AM","15, Jun 2019 07:44 AM",,Prepaid,65.0000,-,0.0000,-,-,-,,,Not Dispatched,15,-,,-,-,,=(""),=(""),=(""),0.0,,8.554,,=(""),=(""),,=(""),=(""),,,,,,Cust_8634,User_1257,,10,,,,-,0.0,0,NA,NA,Y,819,-,-,Geofence Not Mapped,-
Ord_2286243_test,=("Ord_0489624_test"),Test Automation Client,Mumbai,Mumbai,"A901 Supreme Business Park,South Avenue,Near Hiranandani Gardens,Mumbai,Maharashtra,INDIA,400076",19.1093,72.8545,Delivery,Forward,,,"10, Jun 2019 05:04 AM","15, Jun 2019 05:54 AM","15, Jun 2019 06:24 AM",,Prepaid,0.0000,-,0.0000,-,-,-,,,Not Dispatched,15,-,User_8946689,8149750,Planning,TRIP-9740,"15, Jun 2019 06:09 AM",=(""),=(""),20.712,,18.998411178588867,,"15, Jun 2019 05:13 AM","15, Jun 2019 06:09 AM",,=(""),=(""),,,,,1,Cust_0912,User_7147,,10,,,,-,0.0,0,NA,NA,Y,900,-,-,Geofence Not Mapped,-
Ord_9349703_test,=("Ord_5663489_test"),Test Automation Client,Mumbai,Mumbai,"A901 Supreme Business Park,South Avenue,Near Hiranandani Gardens,Mumbai,Maharashtra,INDIA,400076",19.1093,72.8545,Delivery,Forward,,,"10, Jun 2019 05:03 AM","15, Jun 2019 05:53 AM","15, Jun 2019 06:23 AM",,Prepaid,0.0000,-,0.0000,-,-,-,,,Not Dispatched,15,-,User_9797357,6050647,Planning,TRIP-9738,"15, Jun 2019 06:08 AM",=(""),=(""),20.712,,18.998411178588867,,"15, Jun 2019 05:12 AM","15, Jun 2019 06:08 AM",,=(""),=(""),,,,,1,Cust_9008,User_8685,,10,,,,-,0.0,0,NA,NA,Y,901,-,-,Geofence Not Mapped,-
Ord_8414030_test,=("ord_039398358098_test"),Test Automation Client,Test Automation Client Main Branch,Test Automation Client Main Branch,"A901 Supreme Business Park,South Avenue,Near Hiranandani Gardens,Mumbai,Maharashtra,INDIA,400076",19.1122,72.9099,Delivery,Forward,,,"10, Jun 2019 05:03 AM","15, Jun 2019 05:53 AM","15, Jun 2019 06:23 AM",,Prepaid,0.0000,-,0.0000,-,-,-,,,Not Dispatched,15,-,,-,-,,=(""),=(""),=(""),0.0,,0.676,,=(""),=(""),,=(""),=(""),,,,,,Cust_6301,User_4679,,10,,,,-,0.0,0,NA,NA,Y,901,-,-,Geofence Not Mapped,-
Ord_1295540_test,=("Ord_3185762_test"),Test Automation Client,Mumbai,Mumbai,"A901 Supreme Business Park,South Avenue,Near Hiranandani Gardens,Mumbai,Maharashtra,INDIA,400076",19.1093,72.8545,Delivery,Forward,,,"10, Jun 2019 05:02 AM","15, Jun 2019 05:52 AM","15, Jun 2019 06:22 AM",,Prepaid,0.0000,-,0.0000,-,-,-,,,Not Dispatched,15,-,User_2747992,1165651,Planning,TRIP-9736,"15, Jun 2019 06:07 AM",=(""),=(""),20.712,,18.998411178588867,,"15, Jun 2019 05:11 AM","15, Jun 2019 06:07 AM",,=(""),=(""),,,,,1,Cust_8156,User_6514,,10,,,,-,0.0,0,NA,NA,Y,901,-,-,Geofence Not Mapped,-
Ord_6571221_test,=("ord_971022456860_test"),Test Automation Client,Test Automation Client Main Branch,Test Automation Client Main Branch,"A901 Supreme Business Park,South Avenue,Near Hiranandani Gardens,Mumbai,Maharashtra,INDIA,400076",19.1122,72.9099,Delivery,Forward,,,"10, Jun 2019 04:59 AM","15, Jun 2019 05:49 AM","15, Jun 2019 06:19 AM",,Prepaid,0.0000,-,0.0000,-,-,-,,,Not Dispatched,15,-,,-,-,,=(""),=(""),=(""),0.0,,0.676,,=(""),=(""),,=(""),=(""),,,,,,Cust_4849,User_1506,,10,,,,-,0.0,0,NA,NA,Y,905,-,-,Geofence Not Mapped,-
Ord_5431272_test,=("Ord_1007568_test"),Test Automation Client,Kolkata,Kolkata,"A901 Supreme Business Park,South Avenue,Near Hiranandani Gardens,Kolkata,Maharashtra,INDIA,400076",19.1093,72.8545,Delivery,Forward,,,"10, Jun 2019 04:56 AM","15, Jun 2019 05:46 AM","15, Jun 2019 06:16 AM",,Prepaid,0.0000,500.0000,0.0000,-,,-,0.0000,0.0000,Delivered,15,1,User_3670889,1295719,Planning,TRIP-9734,"16, Jun 2019 05:00 PM","14, Jun 2019 11:28 PM","14, Jun 2019 11:33 PM",2046.28,,1656.144287109375,,"14, Jun 2019 11:28 PM","16, Jun 2019 05:00 PM",5,"14, Jun 2019 11:32 PM","14, Jun 2019 11:33 PM",19.13393,72.91116,19.1117942,72.9094869,1,Cust_2540,User_0017,0,1,,,,-,0.0,1,NA,NA,N,-,-,-,Geofence Not Mapped,-
Ord_6487552_test,=("ord_930459807525_test"),Test Automation Client,Test Automation Client Main Branch,Test Automation Client Main Branch,"A901 Supreme Business Park,South Avenue,Near Hiranandani Gardens,Mumbai,Maharashtra,INDIA,400076",19.1122,72.9099,Delivery,Forward,,,"10, Jun 2019 04:54 AM","15, Jun 2019 05:44 AM","15, Jun 2019 06:14 AM",,Prepaid,0.0000,-,0.0000,-,-,-,,,Not Dispatched,15,-,,-,-,,=(""),=(""),=(""),0.0,,0.676,,=(""),=(""),,=(""),=(""),,,,,,Cust_4398,User_2383,,10,,,,-,0.0,0,NA,NA,Y,910,-,-,Geofence Not Mapped,-
Ord_4927711_File,=("OrdWallets_1375349_File"),Account_Test,Mumbai,Mumbai,"A901 Supreme Business Park,South Avenue,Powai,Mumbai,Maharashtra,INDIA,400076",19.1093,72.8545,Delivery,Forward,Delivery Boy,,"14, Jun 2019 11:08 PM","15, Jun 2019 12:13 AM","15, Jun 2019 12:43 AM",,COD,2000.0000,2000.0000,2000.0000,-,-,-,,,Delivered,10,-,,-,-,,=(""),"14, Jun 2019 11:27 PM","14, Jun 2019 11:27 PM",0.0,,18.998411178588867,,=(""),=(""),0,=(""),"14, Jun 2019 11:27 PM",,,,,,Cust_1130,User_2002,,6,4.0,500.0,,-,0.0,1,NA,NA,N,-,-,-,Geofence Not Mapped,-
Ord_3818528_test,=("ord_579974127917_test"),Test Automation Client,Test Automation Client Main Branch,Test Automation Client Main Branch,"A901 Supreme Business Park,South Avenue,Near Hiranandani Gardens,Mumbai,Maharashtra,INDIA,400076",19.1093,72.8545,Delivery,Forward,,,"10, Jun 2019 04:50 AM","15, Jun 2019 05:40 AM","15, Jun 2019 06:10 AM",,Prepaid,0.0000,-,0.0000,-,-,-,,,Not Dispatched,15,-,User_705122346,E_72258451,Manually,TRIP-9730,"17, Jun 2019 05:35 AM",=(""),=(""),8.56,,5.777494430541992,,"17, Jun 2019 04:53 AM","17, Jun 2019 05:35 AM",,=(""),=(""),,,,,1,Cust_0744,User_0500,,10,,,,-,0.0,0,NA,NA,Y,914,-,-,Geofence Not Mapped,-
2960588,=("C2960588"),Test Automation Client,Mumbai,Mumbai,"supreme business park,hiranandani,powai,Mumbai,SINGAPORE,400076",19.1245,72.8937,Delivery,Forward,,,"02, Jun 2017 11:30 AM","14, Jun 2019 11:18 PM","14, Jun 2019 11:18 PM",,Prepaid,0.0000,0.0000,0.0000,-,-,-,,0.0000,Delivered,12,-,Auto2960588,2960588,Planning,TRIP-9731,"14, Jun 2019 11:30 PM","14, Jun 2019 11:19 PM","14, Jun 2019 11:19 PM",23.851,,16.876605987548828,,"14, Jun 2019 10:29 PM","14, Jun 2019 11:30 PM",0,=(""),"14, Jun 2019 11:19 PM",,,,,1,2960588,2960588,,1,,,,-,0.0,1,NA,NA,Y,0,-,-,Geofence Not Mapped,-
Awb_2303796,=("ord_256603775248_test"),Test Automation Client,Test Automation Client Main Branch,Test Automation Client Main Branch,"A901 Supreme Business Park,South Avenue,Powai,Near Hiranandani Gardens,Mumbai,Maharashtra,INDIA,400076",19.1115,72.9093,Delivery,Forward,,,"14, Jun 2019 10:52 PM","14, Jun 2019 11:57 PM","15, Jun 2019 12:27 AM",,COD,200.0000,-,0.0000,-,-,-,,,Not Dispatched,15,-,,-,-,,=(""),=(""),=(""),0.0,,0.42653268575668335,,=(""),=(""),,=(""),=(""),,,,,,Cust_9436,User_7272,,2,10.0,10.1,,-,0.0,0,NA,NA,Y,1257,-,-,Geofence Not Mapped,-
Ord_1702900_test,=("ord_368185315489_test"),Test Automation Client,Test Automation Client Main Branch,Test Automation Client Main Branch,"A901 Supreme Business Park,South Avenue,Near Hiranandani Gardens,Mumbai,Maharashtra,INDIA,400076",19.1093,72.8545,Delivery,Forward,,,"10, Jun 2019 04:26 AM","15, Jun 2019 05:16 AM","15, Jun 2019 05:46 AM",,Prepaid,0.0000,-,0.0000,-,-,-,,,Not Dispatched,15,-,,-,-,,=(""),=(""),=(""),0.0,,5.777494430541992,,=(""),=(""),,=(""),=(""),,,,,,Cust_4565,User_7247,,10,,,,-,0.0,0,NA,NA,Y,938,OUTSCANNED,-,Geofence Not Mapped,-
Ord_3925158_test,=("ord_543849156800_test"),Test Automation Client,Test Automation Client Main Branch,Test Automation Client Main Branch,"A901 Supreme Business Park,South Avenue,Near Hiranandani Gardens,Mumbai,Maharashtra,INDIA,400076",19.1093,72.8545,Delivery,Forward,,,"10, Jun 2019 04:20 AM","15, Jun 2019 05:10 AM","15, Jun 2019 05:40 AM",,Prepaid,0.0000,-,0.0000,-,-,-,,,Not Dispatched,15,-,,-,-,,=(""),=(""),=(""),0.0,,5.777494430541992,,=(""),=(""),,=(""),=(""),,,,,,Cust_0045,User_5782,,10,,,,-,0.0,0,NA,NA,Y,944,-,-,Geofence Not Mapped,-
Ord_1491942_test,=("ord_345428466678_test"),Test Automation Client,Test Automation Client Main Branch,Test Automation Client Main Branch,"A901 Supreme Business Park,South Avenue,Near Hiranandani Gardens,Mumbai,Maharashtra,INDIA,400076",19.1093,72.8545,Delivery,Forward,,,"10, Jun 2019 04:19 AM","15, Jun 2019 05:09 AM","15, Jun 2019 05:39 AM",,Prepaid,0.0000,-,0.0000,-,-,-,,,Not Dispatched,15,-,,-,-,,=(""),=(""),=(""),0.0,,5.777494430541992,,=(""),=(""),,=(""),=(""),,,,,,Cust_9773,User_9530,,10,,,,-,0.0,0,NA,NA,Y,944,-,-,Geofence Not Mapped,-
Ord_3298077_File,=("Ord_3621378_File"),Test Automation Client,Test Automation Client Main Branch,Test Automation Client Main Branch,"A901 Supreme Business Park,South Avenue,Powai,Mumbai,Maharashtra,INDIA,400076",19.1093,72.8545,Delivery,Forward,Delivery Boy,,"14, Jun 2019 10:31 PM","14, Jun 2019 11:36 PM","15, Jun 2019 12:06 AM",,COD,2000.0000,-,0.0000,-,-,-,,,Not Dispatched,10,-,,-,-,,=(""),=(""),=(""),0.0,,5.777494430541992,,=(""),=(""),,=(""),=(""),,,,,,Cust_3054,User_4073,,6,4.0,500.0,,-,0.0,0,NA,NA,Y,1277,-,-,Geofence Not Mapped,-
Ord_9296521_test,=("ord_317775476889_test"),Test Automation Client,Test Automation Client Main Branch,Test Automation Client Main Branch,"A901 Supreme Business Park,South Avenue,Near Hiranandani Gardens,Mumbai,Maharashtra,INDIA,400076",19.1093,72.8545,Delivery,Forward,,,"10, Jun 2019 04:13 AM","15, Jun 2019 05:03 AM","15, Jun 2019 05:33 AM",,Prepaid,0.0000,-,0.0000,-,-,-,,,Not Dispatched,15,-,,-,-,,=(""),=(""),=(""),0.0,,5.777494430541992,,=(""),=(""),,=(""),=(""),,,,,,Cust_4932,User_7441,,10,,,,-,0.0,0,NA,NA,Y,951,-,-,Geofence Not Mapped,-
Awb_2874566,=("ord_764247406674_test"),Test Automation Client,Test Automation Client Main Branch,Test Automation Client Main Branch,"A901 Supreme Business Park,South Avenue,Powai,Near Hiranandani Gardens,Mumbai,Maharashtra,INDIA,400076",19.1115,72.9093,Delivery,Forward,,,"14, Jun 2019 10:19 PM","14, Jun 2019 10:24 PM","14, Jun 2019 10:54 PM",,COD,200.0000,-,0.0000,-,-,-,,,Not Dispatched,15,-,,-,-,,=(""),=(""),=(""),0.0,,0.739,,=(""),=(""),,=(""),=(""),,,,,,Cust_0610,User_4656,,2,10.0,10.1,,-,0.0,0,NA,NA,Y,1350,-,-,Geofence Not Mapped,-
Awb_2250313,=("ord_703570898582_test"),Test Automation Client,Test Automation Client Main Branch,Test Automation Client Main Branch,"A901 Supreme Business Park,South Avenue,Powai,Near Hiranandani Gardens,Mumbai,Maharashtra,INDIA,400076",19.1115,72.9093,Delivery,Forward,,,"14, Jun 2019 10:16 PM","14, Jun 2019 11:21 PM","14, Jun 2019 11:51 PM",,COD,200.0000,-,0.0000,-,-,-,,,CANCELLED,15,-,,-,-,,=(""),"14, Jun 2019 10:40 PM","14, Jun 2019 10:40 PM",0.0,,0.42653268575668335,,=(""),=(""),0,=(""),"14, Jun 2019 10:40 PM",,,,,,Cust_2006,User_1193,,2,10.0,10.1,,Delivery Boy not available,0.0,0,NA,NA,N,-,-,-,Geofence Not Mapped,-
Ord_0939088_test,=("ord_524088378853_test"),Test Automation Client,Test Automation Client Main Branch,Test Automation Client Main Branch,"A901 Supreme Business Park,South Avenue,Near Hiranandani Gardens,Mumbai,Maharashtra,INDIA,400076",19.1093,72.8545,Delivery,Forward,,,"10, Jun 2019 04:06 AM","15, Jun 2019 04:56 AM","15, Jun 2019 05:26 AM",,Prepaid,0.0000,-,0.0000,-,-,-,,,Not Dispatched,15,-,,-,-,,=(""),=(""),=(""),0.0,,5.777494430541992,,=(""),=(""),,=(""),=(""),,,,,,Cust_3835,User_9160,,10,,,,-,0.0,0,NA,NA,Y,958,-,-,Geofence Not Mapped,-
Awb_8146693,=("ord_496544180817_test"),Test Automation Client,Test Automation Client Main Branch,Test Automation Client Main Branch,"A901 Supreme Business Park,South Avenue,Powai,Near Hiranandani Gardens,Mumbai,Maharashtra,INDIA,400076",19.1115,72.9093,Delivery,Forward,,,"14, Jun 2019 10:14 PM","14, Jun 2019 11:19 PM","14, Jun 2019 11:49 PM",,COD,200.0000,-,0.0000,-,-,-,,,Attempted Delivery,15,-,,-,-,,=(""),"14, Jun 2019 10:37 PM","14, Jun 2019 10:37 PM",0.0,,0.42653268575668335,,=(""),=(""),0,=(""),"14, Jun 2019 10:37 PM",,,0.0,0.0,,Cust_8165,User_8901,,2,10.0,10.1,,No customer at delivery location,0.0,1,NA,NA,N,-,-,-,Geofence Not Mapped,-
Awb_1674997,=("ord_126265875101_test"),Test Automation Client,Test Automation Client Main Branch,Test Automation Client Main Branch,"A901 Supreme Business Park,South Avenue,Powai,Near Hiranandani Gardens,Mumbai,Maharashtra,INDIA,400076",19.1115,72.9093,Delivery,Forward,,,"14, Jun 2019 10:13 PM","14, Jun 2019 11:18 PM","14, Jun 2019 11:48 PM",,COD,200.0000,200.0000,200.0000,-,-,-,,,Delivered,15,-,,-,-,,=(""),"14, Jun 2019 10:36 PM","14, Jun 2019 10:36 PM",0.0,,0.42653268575668335,,=(""),=(""),0,=(""),"14, Jun 2019 10:36 PM",,,,,,Cust_8535,User_6644,,2,10.0,10.1,,-,0.0,1,NA,NA,N,-,-,-,Geofence Not Mapped,-
Awb_4458284,=("ord_633712726003_test"),Test Automation Client,Test Automation Client Main Branch,Test Automation Client Main Branch,"A901 Supreme Business Park,South Avenue,Powai,Near Hiranandani Gardens,Mumbai,Maharashtra,INDIA,400076",19.1115,72.9093,Delivery,Forward,,,"14, Jun 2019 10:11 PM","14, Jun 2019 10:16 PM","14, Jun 2019 10:46 PM",,COD,200.0000,-,0.0000,-,-,-,,,Not Dispatched,15,-,,-,-,,=(""),=(""),=(""),0.0,,0.42653268575668335,,=(""),=(""),,=(""),=(""),,,,,,Cust_0899,User_2393,,2,10.0,10.1,,-,0.0,0,NA,NA,Y,1358,-,-,Geofence Not Mapped,-
Ord_1396168_test,=("Ord_4888351_test"),Test Automation Client,Delhi,Delhi,"A901 Supreme Business Park,South Avenue,Near Hiranandani Gardens,Delhi,Maharashtra,INDIA,400076",19.1093,72.8545,Delivery,Forward,,,"10, Jun 2019 04:00 AM","15, Jun 2019 04:50 AM","15, Jun 2019 05:20 AM",,Prepaid,0.0000,-,0.0000,-,-,-,,,Intransit,15,-,User_2126843,2873941,Planning,TRIP-9723,"14, Jun 2019 10:58 PM","14, Jun 2019 10:31 PM",=(""),2.87,,1.6686804294586182,,"14, Jun 2019 10:31 PM","14, Jun 2019 10:58 PM",,=(""),=(""),,,,,1,Cust_7138,User_2143,,1,,,,-,0.0,0,NA,NA,Y,964,-,-,Geofence Not Mapped,-
Ord_0868780_test,=("Ord_7747162_test"),Test Automation Client,Delhi,Delhi,"A901 Supreme Business Park,South Avenue,Near Hiranandani Gardens,Delhi,Maharashtra,INDIA,400076",19.1093,72.8545,Delivery,Forward,,,"10, Jun 2019 03:57 AM","15, Jun 2019 04:47 AM","15, Jun 2019 05:17 AM",,Prepaid,0.0000,-,0.0000,-,-,-,,,Intransit,15,-,User_9705321,4894444,Planning,TRIP-9721,"14, Jun 2019 10:56 PM","14, Jun 2019 10:28 PM",=(""),2.87,,1.6686804294586182,,"14, Jun 2019 10:28 PM","14, Jun 2019 10:56 PM",,=(""),=(""),,,,,1,Cust_0594,User_3334,,1,,,,-,0.0,0,NA,NA,Y,967,-,-,Geofence Not Mapped,-
Ord_1737324_test,=("Ord_4876227_test"),Test Automation Client,Delhi,Delhi,"A901 Supreme Business Park,South Avenue,Near Hiranandani Gardens,Delhi,Maharashtra,INDIA,400076",19.1093,72.8545,Delivery,Forward,,,"10, Jun 2019 03:54 AM","15, Jun 2019 04:44 AM","15, Jun 2019 05:14 AM",,Prepaid,0.0000,-,0.0000,-,-,-,,,Intransit,15,-,User_6561055,8641978,Planning,TRIP-9719,"14, Jun 2019 10:53 PM","14, Jun 2019 10:26 PM",=(""),2.87,,1.6686804294586182,,"14, Jun 2019 10:26 PM","14, Jun 2019 10:53 PM",,=(""),=(""),,,,,1,Cust_6094,User_2587,,1,,,,-,0.0,0,NA,NA,Y,969,-,-,Geofence Not Mapped,-
Ord_0148894_test,=("Ord_2302433_test"),Test Automation Client,Delhi,Delhi,"A901 Supreme Business Park,South Avenue,Near Hiranandani Gardens,Delhi,Maharashtra,INDIA,400076",19.1093,72.8545,Delivery,Forward,,,"09, Jun 2019 10:33 PM","14, Jun 2019 11:23 PM","14, Jun 2019 11:53 PM",,Prepaid,0.0000,-,0.0000,-,-,-,,,Not Dispatched,15,-,,-,-,,=(""),=(""),=(""),0.0,,1.6686804294586182,,=(""),=(""),,=(""),=(""),,,,,,Cust_2167,User_2923,,1,,,,-,0.0,0,NA,NA,Y,1291,-,-,Geofence Not Mapped,-
Ord_6902934_test,=("Ord_6266473_test"),Test Automation Client,Mumbai,Mumbai,"A901 Supreme Business Park,South Avenue,Near Hiranandani Gardens,Mumbai,Maharashtra,INDIA,400076",19.1093,72.8545,Delivery,Forward,,,"08, Jun 2019 07:49 PM","13, Jun 2019 08:39 PM","13, Jun 2019 09:09 PM",,Prepaid,0.0000,-,0.0000,-,-,-,,,Intransit,15,-,User_1650343,3362360,Planning,TRIP-9715,"13, Jun 2019 03:16 PM","13, Jun 2019 02:20 PM",=(""),20.71,,18.998411178588867,,"13, Jun 2019 02:20 PM","13, Jun 2019 03:16 PM",,=(""),=(""),,,,,1,Cust_7501,User_7247,,10,,,,-,0.0,0,NA,NA,Y,2895,-,-,Geofence Not Mapped,-
Ord_9934874_test,=("Ord_WH_1024825900_test"),Test Automation Client,Test Automation Client Main Branch,Test Automation Client Main Branch,"A901 Supreme Business Park,South Avenue,Near Hiranandani Gardens,Mumbai,Maharashtra,INDIA,400076",19.1093,72.8545,Delivery,Forward,,,"08, Jun 2019 07:47 PM","13, Jun 2019 08:37 PM","13, Jun 2019 09:07 PM",,Prepaid,0.0000,-,0.0000,-,-,-,,,Not Dispatched,15,-,,-,-,,=(""),=(""),=(""),0.0,,5.777494430541992,,=(""),=(""),,=(""),=(""),,,,,,Cust_2369,User_5888,,10,,,,-,0.0,0,NA,NA,Y,2897,-,-,Geofence Not Mapped,-
Ord_5110893_test,=("Ord_8251896_test"),Test Automation Client,Mumbai,Mumbai,"A901 Supreme Business Park,South Avenue,Near Hiranandani Gardens,Mumbai,Maharashtra,INDIA,400076",19.1093,72.8545,Delivery,Forward,,,"08, Jun 2019 07:47 PM","13, Jun 2019 08:37 PM","13, Jun 2019 09:07 PM",,Prepaid,0.0000,-,0.0000,-,-,-,,,Intransit,15,-,User_1237066,4224651,Planning,TRIP-9713,"13, Jun 2019 03:13 PM","13, Jun 2019 02:18 PM",=(""),20.71,,18.998411178588867,,"13, Jun 2019 02:18 PM","13, Jun 2019 03:13 PM",,=(""),=(""),,,,,1,Cust_3220,User_6967,,10,,,,-,0.0,0,NA,NA,Y,2897,-,-,Geofence Not Mapped,-
Ord_5885260_test,=("Ord_WH_8704263211_test"),Test Automation Client,Test Automation Client Main Branch,Test Automation Client Main Branch,"A901 Supreme Business Park,South Avenue,Near Hiranandani Gardens,Mumbai,Maharashtra,INDIA,400076",19.1093,72.8545,Delivery,Forward,,,"08, Jun 2019 07:45 PM","13, Jun 2019 08:35 PM","13, Jun 2019 09:05 PM",,Prepaid,0.0000,-,0.0000,-,-,-,,,Not Dispatched,15,-,,-,-,,=(""),=(""),=(""),0.0,,5.777494430541992,,=(""),=(""),,=(""),=(""),,,,,,Cust_3796,User_4916,,10,,,,-,0.0,0,NA,NA,Y,2898,-,-,Geofence Not Mapped,-
Ord_2212343_test,=("Ord_1515744_test"),Test Automation Client,Mumbai,Mumbai,"A901 Supreme Business Park,South Avenue,Near Hiranandani Gardens,Mumbai,Maharashtra,INDIA,400076",19.1093,72.8545,Delivery,Forward,,,"08, Jun 2019 07:45 PM","13, Jun 2019 08:35 PM","13, Jun 2019 09:05 PM",,Prepaid,0.0000,-,0.0000,-,-,-,,,Intransit,15,-,User_3541905,3944206,Planning,TRIP-9711,"13, Jun 2019 03:11 PM","13, Jun 2019 02:16 PM",=(""),20.71,,18.998411178588867,,"13, Jun 2019 02:16 PM","13, Jun 2019 03:11 PM",,=(""),=(""),,,,,1,Cust_9971,User_4104,,10,,,,-,0.0,0,NA,NA,Y,2899,-,-,Geofence Not Mapped,-
Ord_9596010_test,=("Ord_WH_9997391404_test"),Test Automation Client,Test Automation Client Main Branch,Test Automation Client Main Branch,"A901 Supreme Business Park,South Avenue,Near Hiranandani Gardens,Mumbai,Maharashtra,INDIA,400076",19.1093,72.8545,Delivery,Forward,,,"08, Jun 2019 07:44 PM","13, Jun 2019 08:34 PM","13, Jun 2019 09:04 PM",,Prepaid,0.0000,-,0.0000,-,-,-,,,Not Dispatched,15,-,,-,-,,=(""),=(""),=(""),0.0,,5.777494430541992,,=(""),=(""),,=(""),=(""),,,,,,Cust_5238,User_8725,,10,,,,-,0.0,0,NA,NA,Y,2900,-,-,Geofence Not Mapped,-
Ord_7004092_test,=("Ord_7207481_test"),Test Automation Client,Mumbai,Mumbai,"A901 Supreme Business Park,South Avenue,Near Hiranandani Gardens,Mumbai,Maharashtra,INDIA,400076",19.1093,72.8545,Delivery,Forward,,,"08, Jun 2019 07:37 PM","13, Jun 2019 08:27 PM","13, Jun 2019 08:57 PM",,Prepaid,0.0000,-,0.0000,-,-,-,,,Not Dispatched,15,-,,-,-,,=(""),=(""),=(""),0.0,,18.998411178588867,,=(""),=(""),,=(""),=(""),,,,,,Cust_3646,User_7851,,10,,,,-,0.0,0,NA,NA,Y,2907,-,-,Geofence Not Mapped,-
Ord_7783665_test,=("ord_979604119290_test"),Test Automation Client,Test Automation Client Main Branch,Test Automation Client Main Branch,"A901 Supreme Business Park,South Avenue,Near Hiranandani Gardens,Mumbai,Maharashtra,INDIA,400076",19.1093,72.8545,Delivery,Forward,,,"08, Jun 2019 07:28 PM","13, Jun 2019 08:18 PM","13, Jun 2019 08:48 PM",,Prepaid,0.0000,-,0.0000,-,-,-,,,Not Dispatched,15,-,,-,-,,=(""),=(""),=(""),0.0,,5.777494430541992,,=(""),=(""),,=(""),=(""),,,,,,Cust_0687,User_6812,,10,,,,-,0.0,0,NA,NA,Y,2916,-,-,Geofence Not Mapped,-
Ord_7407939_test,=("ord_472386928852_test"),Test Automation Client,Test Automation Client Main Branch,Test Automation Client Main Branch,"A901 Supreme Business Park,South Avenue,Near Hiranandani Gardens,Mumbai,Maharashtra,INDIA,400076",19.1122,72.9099,Delivery,Forward,,,"08, Jun 2019 07:21 PM","13, Jun 2019 08:11 PM","13, Jun 2019 08:41 PM",,Prepaid,0.0000,-,0.0000,-,-,-,,,Not Dispatched,15,-,,-,-,,=(""),=(""),=(""),0.0,,0.676,,=(""),=(""),,=(""),=(""),,,,,,Cust_4368,User_2276,,10,,,,-,0.0,0,NA,NA,Y,2923,-,-,Geofence Not Mapped,-
Ord_6421090_UPD,=("ord_076044347973_test"),Test Automation Client,Test Automation Client Main Branch,Test Automation Client Main Branch,"A901 Supreme Business Park,South Avenue,Near Hiranandani Gardens,nullMumbai,400076",19.1092,72.8545,Delivery,Forward,,,"08, Jun 2019 07:21 PM","13, Jun 2019 09:01 PM","13, Jun 2019 10:01 PM",,Prepaid,65.0000,-,0.0000,-,-,-,,,Not Dispatched,15,-,,-,-,,=(""),=(""),=(""),0.0,,8.554,,=(""),=(""),,=(""),=(""),,,,,,Cust_4004,User_1239,,10,,,,-,0.0,0,NA,NA,Y,2843,-,-,Geofence Not Mapped,-
Ord_0498411_test,=("Ord_0901892_test"),Test Automation Client,Mumbai,Mumbai,"A901 Supreme Business Park,South Avenue,Near Hiranandani Gardens,Mumbai,Maharashtra,INDIA,400076",19.1093,72.8545,Delivery,Forward,,,"08, Jun 2019 07:20 PM","13, Jun 2019 08:10 PM","13, Jun 2019 08:40 PM",,Prepaid,0.0000,-,0.0000,-,-,-,,,Not Dispatched,15,-,User_5290505,2065879,Planning,TRIP-9709,"13, Jun 2019 08:25 PM",=(""),=(""),20.712,,18.998411178588867,,"13, Jun 2019 07:29 PM","13, Jun 2019 08:25 PM",,=(""),=(""),,,,,1,Cust_0234,User_5469,,10,,,,-,0.0,0,NA,NA,Y,2924,-,-,Geofence Not Mapped,-
Ord_1725989_test,=("Ord_1068520_test"),Test Automation Client,Mumbai,Mumbai,"A901 Supreme Business Park,South Avenue,Near Hiranandani Gardens,Mumbai,Maharashtra,INDIA,400076",19.1093,72.8545,Delivery,Forward,,,"08, Jun 2019 07:19 PM","13, Jun 2019 08:09 PM","13, Jun 2019 08:39 PM",,Prepaid,0.0000,-,0.0000,-,-,-,,,Not Dispatched,15,-,User_7544222,7888762,Planning,TRIP-9707,"13, Jun 2019 08:24 PM",=(""),=(""),20.712,,18.998411178588867,,"13, Jun 2019 07:28 PM","13, Jun 2019 08:24 PM",,=(""),=(""),,,,,1,Cust_6039,User_6796,,10,,,,-,0.0,0,NA,NA,Y,2925,-,-,Geofence Not Mapped,-
Ord_1328013_test,=("Ord_5993496_test"),Test Automation Client,Mumbai,Mumbai,"A901 Supreme Business Park,South Avenue,Near Hiranandani Gardens,Mumbai,Maharashtra,INDIA,400076",19.1093,72.8545,Delivery,Forward,,,"08, Jun 2019 07:18 PM","13, Jun 2019 08:08 PM","13, Jun 2019 08:38 PM",,Prepaid,0.0000,-,0.0000,-,-,-,,,Not Dispatched,15,-,User_2585343,1565945,Planning,TRIP-9705,"13, Jun 2019 08:23 PM",=(""),=(""),20.712,,18.998411178588867,,"13, Jun 2019 07:28 PM","13, Jun 2019 08:23 PM",,=(""),=(""),,,,,1,Cust_8238,User_5099,,10,,,,-,0.0,0,NA,NA,Y,2925,-,-,Geofence Not Mapped,-
Ord_1188730_test,=("ord_132137194439_test"),Test Automation Client,Test Automation Client Main Branch,Test Automation Client Main Branch,"A901 Supreme Business Park,South Avenue,Near Hiranandani Gardens,Mumbai,Maharashtra,INDIA,400076",19.1122,72.9099,Delivery,Forward,,,"08, Jun 2019 07:15 PM","13, Jun 2019 08:05 PM","13, Jun 2019 08:35 PM",,Prepaid,0.0000,-,0.0000,-,-,-,,,Not Dispatched,15,-,,-,-,,=(""),=(""),=(""),0.0,,0.676,,=(""),=(""),,=(""),=(""),,,,,,Cust_1179,User_1935,,10,,,,-,0.0,0,NA,NA,Y,2929,-,-,Geofence Not Mapped,-
Ord_0096251_test,=("Ord_8611190_test"),Test Automation Client,Kolkata,Kolkata,"A901 Supreme Business Park,South Avenue,Near Hiranandani Gardens,Kolkata,Maharashtra,INDIA,400076",19.1093,72.8545,Delivery,Forward,,,"08, Jun 2019 07:13 PM","13, Jun 2019 08:03 PM","13, Jun 2019 08:33 PM",,Prepaid,0.0000,500.0000,0.0000,-,,-,0.0000,0.0000,Delivered,15,1,User_5888102,7817964,Planning,TRIP-9703,"15, Jun 2019 07:17 AM","13, Jun 2019 01:44 PM","13, Jun 2019 01:49 PM",2046.29,,1656.144287109375,,"13, Jun 2019 01:44 PM","15, Jun 2019 07:17 AM",4,"13, Jun 2019 01:48 PM","13, Jun 2019 01:49 PM",19.13393,72.91116,19.1117917,72.9094831,1,Cust_6428,User_4549,0,1,,,,-,0.0,1,NA,NA,N,-,-,-,Geofence Not Mapped,-
Ord_8514578_test,=("ord_891897917515_test"),Test Automation Client,Test Automation Client Main Branch,Test Automation Client Main Branch,"A901 Supreme Business Park,South Avenue,Near Hiranandani Gardens,Mumbai,Maharashtra,INDIA,400076",19.1122,72.9099,Delivery,Forward,,,"08, Jun 2019 07:10 PM","13, Jun 2019 08:00 PM","13, Jun 2019 08:30 PM",,Prepaid,0.0000,-,0.0000,-,-,-,,,Not Dispatched,15,-,,-,-,,=(""),=(""),=(""),0.0,,0.676,,=(""),=(""),,=(""),=(""),,,,,,Cust_3337,User_0361,,10,,,,-,0.0,0,NA,NA,Y,2934,-,-,Geofence Not Mapped,-
Ord_0162457_File,=("OrdWallets_2211430_File"),Account_Test,Mumbai,Mumbai,"A901 Supreme Business Park,South Avenue,Powai,Mumbai,Maharashtra,INDIA,400076",19.1093,72.8545,Delivery,Forward,Delivery Boy,,"13, Jun 2019 01:25 PM","13, Jun 2019 02:30 PM","13, Jun 2019 03:00 PM",,COD,2000.0000,2000.0000,2000.0000,-,-,-,,,Delivered,10,-,,-,-,,=(""),"13, Jun 2019 01:44 PM","13, Jun 2019 01:44 PM",0.0,,18.998411178588867,,=(""),=(""),0,=(""),"13, Jun 2019 01:44 PM",,,,,,Cust_2545,User_8096,,6,4.0,500.0,,-,0.0,1,NA,NA,N,-,-,-,Geofence Not Mapped,-
Ord_8047979_test,=("ord_092609225867_test"),Test Automation Client,Test Automation Client Main Branch,Test Automation Client Main Branch,"A901 Supreme Business Park,South Avenue,Near Hiranandani Gardens,Mumbai,Maharashtra,INDIA,400076",19.1093,72.8545,Delivery,Forward,,,"08, Jun 2019 07:07 PM","13, Jun 2019 07:57 PM","13, Jun 2019 08:27 PM",,Prepaid,0.0000,-,0.0000,-,-,-,,,Not Dispatched,15,-,Auto6804284,6804284,Manually,TRIP-9699,"15, Jun 2019 07:52 PM",=(""),=(""),8.56,,5.777494430541992,,"15, Jun 2019 07:10 PM","15, Jun 2019 07:52 PM",,=(""),=(""),,,,,1,Cust_5971,User_5727,,10,,,,-,0.0,0,NA,NA,Y,2937,-,-,Geofence Not Mapped,-
6804284,=("C6804284"),Test Automation Client,Mumbai,Mumbai,"supreme business park,hiranandani,powai,Mumbai,SINGAPORE,400076",19.1245,72.8937,Delivery,Forward,,,"02, Jun 2017 11:30 AM","13, Jun 2019 01:36 PM","13, Jun 2019 01:36 PM",,Prepaid,0.0000,0.0000,0.0000,-,-,-,,0.0000,Delivered,12,-,Auto6804284,6804284,Planning,TRIP-9700,"13, Jun 2019 01:48 PM","13, Jun 2019 01:37 PM","13, Jun 2019 01:37 PM",23.851,,16.876605987548828,,"13, Jun 2019 12:46 PM","13, Jun 2019 01:48 PM",0,=(""),"13, Jun 2019 01:37 PM",,,,,1,6804284,6804284,,1,,,,-,0.0,1,NA,NA,Y,0,-,-,Geofence Not Mapped,-
Awb_2951643,=("ord_403377415263_test"),Test Automation Client,Test Automation Client Main Branch,Test Automation Client Main Branch,"A901 Supreme Business Park,South Avenue,Powai,Near Hiranandani Gardens,Mumbai,Maharashtra,INDIA,400076",19.1115,72.9093,Delivery,Forward,,,"13, Jun 2019 01:08 PM","13, Jun 2019 02:13 PM","13, Jun 2019 02:43 PM",,COD,200.0000,-,0.0000,-,-,-,,,Not Dispatched,15,-,,-,-,,=(""),=(""),=(""),0.0,,0.42653268575668335,,=(""),=(""),,=(""),=(""),,,,,,Cust_9802,User_7272,,2,10.0,10.1,,-,0.0,0,NA,NA,Y,3281,-,-,Geofence Not Mapped,-
Ord_5002233_test,=("ord_089051846067_test"),Test Automation Client,Test Automation Client Main Branch,Test Automation Client Main Branch,"A901 Supreme Business Park,South Avenue,Near Hiranandani Gardens,Mumbai,Maharashtra,INDIA,400076",19.1093,72.8545,Delivery,Forward,,,"08, Jun 2019 06:46 PM","13, Jun 2019 07:36 PM","13, Jun 2019 08:06 PM",,Prepaid,0.0000,-,0.0000,-,-,-,,,Not Dispatched,15,-,,-,-,,=(""),=(""),=(""),0.0,,5.777494430541992,,=(""),=(""),,=(""),=(""),,,,,,Cust_5869,User_8780,,10,,,,-,0.0,0,NA,NA,Y,2958,OUTSCANNED,-,Geofence Not Mapped,-
Ord_8281398_test,=("ord_852584917258_test"),Test Automation Client,Test Automation Client Main Branch,Test Automation Client Main Branch,"A901 Supreme Business Park,South Avenue,Near Hiranandani Gardens,Mumbai,Maharashtra,INDIA,400076",19.1093,72.8545,Delivery,Forward,,,"08, Jun 2019 06:41 PM","13, Jun 2019 07:31 PM","13, Jun 2019 08:01 PM",,Prepaid,0.0000,-,0.0000,-,-,-,,,Not Dispatched,15,-,,-,-,,=(""),=(""),=(""),0.0,,5.777494430541992,,=(""),=(""),,=(""),=(""),,,,,,Cust_3844,User_3600,,10,,,,-,0.0,0,NA,NA,Y,2963,-,-,Geofence Not Mapped,-
Ord_4816814_File,=("Ord_4059355_File"),Test Automation Client,Test Automation Client Main Branch,Test Automation Client Main Branch,"A901 Supreme Business Park,South Avenue,Powai,Mumbai,Maharashtra,INDIA,400076",19.1093,72.8545,Delivery,Forward,Delivery Boy,,"13, Jun 2019 12:56 PM","13, Jun 2019 02:01 PM","13, Jun 2019 02:31 PM",,COD,2000.0000,-,0.0000,-,-,-,,,Not Dispatched,10,-,,-,-,,=(""),=(""),=(""),0.0,,5.777494430541992,,=(""),=(""),,=(""),=(""),,,,,,Cust_9999,User_7725,,6,4.0,500.0,,-,0.0,0,NA,NA,Y,3293,-,-,Geofence Not Mapped,-
Awb_4887888,=("ord_412142797460_test"),Test Automation Client,Test Automation Client Main Branch,Test Automation Client Main Branch,"A901 Supreme Business Park,South Avenue,Powai,Near Hiranandani Gardens,Mumbai,Maharashtra,INDIA,400076",19.1115,72.9093,Delivery,Forward,,,"13, Jun 2019 12:40 PM","13, Jun 2019 12:45 PM","13, Jun 2019 01:15 PM",,COD,200.0000,-,0.0000,-,-,-,,,Not Dispatched,15,-,,-,-,,=(""),=(""),=(""),0.0,,0.739,,=(""),=(""),,=(""),=(""),,,,,,Cust_4654,User_5237,,2,10.0,10.1,,-,0.0,0,NA,NA,Y,3369,-,-,Geofence Not Mapped,-
Awb_6905089,=("ord_432391914449_test"),Test Automation Client,Test Automation Client Main Branch,Test Automation Client Main Branch,"A901 Supreme Business Park,South Avenue,Powai,Near Hiranandani Gardens,Mumbai,Maharashtra,INDIA,400076",19.1115,72.9093,Delivery,Forward,,,"13, Jun 2019 12:36 PM","13, Jun 2019 12:41 PM","13, Jun 2019 01:11 PM",,COD,200.0000,-,0.0000,-,-,-,,,Not Dispatched,15,-,,-,-,,=(""),=(""),=(""),0.0,,0.42653268575668335,,=(""),=(""),,=(""),=(""),,,,,,Cust_3866,User_1976,,2,10.0,10.1,,-,0.0,0,NA,NA,Y,3373,-,-,Geofence Not Mapped,-
Awb_8204406,=("ord_402336411374_test"),Test Automation Client,Test Automation Client Main Branch,Test Automation Client Main Branch,"A901 Supreme Business Park,South Avenue,Powai,Near Hiranandani Gardens,Mumbai,Maharashtra,INDIA,400076",19.1115,72.9093,Delivery,Forward,,,"13, Jun 2019 12:36 PM","13, Jun 2019 01:41 PM","13, Jun 2019 02:11 PM",,COD,200.0000,-,0.0000,-,-,-,,,CANCELLED,15,-,,-,-,,=(""),"13, Jun 2019 01:00 PM","13, Jun 2019 01:00 PM",0.0,,0.42653268575668335,,=(""),=(""),0,=(""),"13, Jun 2019 01:00 PM",,,,,,Cust_8203,User_8069,,2,10.0,10.1,,Delivery Boy not available,0.0,0,NA,NA,N,-,-,-,Geofence Not Mapped,-
Ord_8966900_test,=("ord_253127334749_test"),Test Automation Client,Test Automation Client Main Branch,Test Automation Client Main Branch,"A901 Supreme Business Park,South Avenue,Near Hiranandani Gardens,Mumbai,Maharashtra,INDIA,400076",19.1093,72.8545,Delivery,Forward,,,"08, Jun 2019 06:26 PM","13, Jun 2019 07:16 PM","13, Jun 2019 07:46 PM",,Prepaid,0.0000,-,0.0000,-,-,-,,,Not Dispatched,15,-,,-,-,,=(""),=(""),=(""),0.0,,5.777494430541992,,=(""),=(""),,=(""),=(""),,,,,,Cust_1938,User_6961,,10,,,,-,0.0,0,NA,NA,Y,2977,-,-,Geofence Not Mapped,-
Awb_4638787,=("ord_464016426536_test"),Test Automation Client,Test Automation Client Main Branch,Test Automation Client Main Branch,"A901 Supreme Business Park,South Avenue,Powai,Near Hiranandani Gardens,Mumbai,Maharashtra,INDIA,400076",19.1115,72.9093,Delivery,Forward,,,"13, Jun 2019 12:33 PM","13, Jun 2019 01:38 PM","13, Jun 2019 02:08 PM",,COD,200.0000,-,0.0000,-,-,-,,,Attempted Delivery,15,-,,-,-,,=(""),"13, Jun 2019 12:56 PM","13, Jun 2019 12:56 PM",0.0,,0.42653268575668335,,=(""),=(""),0,=(""),"13, Jun 2019 12:56 PM",,,0.0,0.0,,Cust_6220,User_9967,,2,10.0,10.1,,No customer at delivery location,0.0,1,NA,NA,N,-,-,-,Geofence Not Mapped,-
Awb_5509789,=("ord_864056277994_test"),Test Automation Client,Test Automation Client Main Branch,Test Automation Client Main Branch,"A901 Supreme Business Park,South Avenue,Powai,Near Hiranandani Gardens,Mumbai,Maharashtra,INDIA,400076",19.1115,72.9093,Delivery,Forward,,,"13, Jun 2019 12:33 PM","13, Jun 2019 01:38 PM","13, Jun 2019 02:08 PM",,COD,200.0000,200.0000,200.0000,-,-,-,,,Delivered,15,-,,-,-,,=(""),"13, Jun 2019 12:56 PM","13, Jun 2019 12:56 PM",0.0,,0.42653268575668335,,=(""),=(""),0,=(""),"13, Jun 2019 12:56 PM",,,,,,Cust_6652,User_8359,,2,10.0,10.1,,-,0.0,1,NA,NA,N,-,-,-,Geofence Not Mapped,-
Ord_8179841_test,=("Ord_1218724_test"),Test Automation Client,Delhi,Delhi,"A901 Supreme Business Park,South Avenue,Near Hiranandani Gardens,Delhi,Maharashtra,INDIA,400076",19.1093,72.8545,Delivery,Forward,,,"08, Jun 2019 06:20 PM","13, Jun 2019 07:10 PM","13, Jun 2019 07:40 PM",,Prepaid,0.0000,-,0.0000,-,-,-,,,Intransit,15,-,User_0663715,0032502,Planning,TRIP-9692,"13, Jun 2019 01:19 PM","13, Jun 2019 12:51 PM",=(""),2.87,,1.6686804294586182,,"13, Jun 2019 12:51 PM","13, Jun 2019 01:19 PM",,=(""),=(""),,,,,1,Cust_0671,User_4716,,1,,,,-,0.0,0,NA,NA,Y,2984,-,-,Geofence Not Mapped,-
Ord_3522300_test,=("Ord_3033782_test"),Test Automation Client,Delhi,Delhi,"A901 Supreme Business Park,South Avenue,Near Hiranandani Gardens,Delhi,Maharashtra,INDIA,400076",19.1093,72.8545,Delivery,Forward,,,"08, Jun 2019 06:17 PM","13, Jun 2019 07:07 PM","13, Jun 2019 07:37 PM",,Prepaid,0.0000,-,0.0000,-,-,-,,,Intransit,15,-,User_6470106,6632747,Planning,TRIP-9690,"13, Jun 2019 01:16 PM","13, Jun 2019 12:49 PM",=(""),2.87,,1.6686804294586182,,"13, Jun 2019 12:49 PM","13, Jun 2019 01:16 PM",,=(""),=(""),,,,,1,Cust_8372,User_3387,,1,,,,-,0.0,0,NA,NA,Y,2987,-,-,Geofence Not Mapped,-
Ord_4348237_test,=("Ord_4580856_test"),Test Automation Client,Delhi,Delhi,"A901 Supreme Business Park,South Avenue,Near Hiranandani Gardens,Delhi,Maharashtra,INDIA,400076",19.1093,72.8545,Delivery,Forward,,,"08, Jun 2019 06:14 PM","13, Jun 2019 07:04 PM","13, Jun 2019 07:34 PM",,Prepaid,0.0000,-,0.0000,-,-,-,,,Intransit,15,-,User_9673353,1763486,Planning,TRIP-9688,"13, Jun 2019 01:13 PM","13, Jun 2019 12:46 PM",=(""),2.87,,1.6686804294586182,,"13, Jun 2019 12:46 PM","13, Jun 2019 01:13 PM",,=(""),=(""),,,,,1,Cust_9267,User_7130,,1,,,,-,0.0,0,NA,NA,Y,2989,-,-,Geofence Not Mapped,-
Ord_0704066_test,=("Ord_5687532_test"),Test Automation Client,Kolkata,Kolkata,"A901 Supreme Business Park,South Avenue,Near Hiranandani Gardens,Kolkata,Maharashtra,INDIA,400076",19.1093,72.8545,Delivery,Forward,,,"08, Jun 2019 05:02 PM","13, Jun 2019 05:52 PM","13, Jun 2019 06:22 PM",,Prepaid,0.0000,-,0.0000,-,-,-,,,Intransit,15,-,User_0560223,2831704,Planning,TRIP-9685,"15, Jun 2019 05:05 AM","13, Jun 2019 11:33 AM",=(""),2046.29,,1656.144287109375,,"13, Jun 2019 11:33 AM","15, Jun 2019 05:05 AM",,=(""),=(""),,,,,1,Cust_7886,User_8734,,1,,,,-,0.0,0,NA,NA,Y,3062,-,-,Geofence Not Mapped,-
Awb_5078568,=("ord_829181824049_test"),Test Automation Client,Test Automation Client Main Branch,Test Automation Client Main Branch,"A901 Supreme Business Park,South Avenue,Powai,Near Hiranandani Gardens,Mumbai,Maharashtra,INDIA,400076",19.1115,72.9093,Delivery,Forward,,,"13, Jun 2019 10:10 AM","13, Jun 2019 11:15 AM","13, Jun 2019 11:45 AM",,COD,200.0000,-,0.0000,-,-,-,,,Attempted Delivery,15,-,,-,-,,=(""),"13, Jun 2019 10:33 AM","13, Jun 2019 10:33 AM",0.0,,0.42653268575668335,,=(""),=(""),0,=(""),"13, Jun 2019 10:33 AM",,,0.0,0.0,,Cust_0541,User_0307,,2,10.0,10.1,,No customer at delivery location,0.0,1,NA,NA,N,-,-,-,Geofence Not Mapped,-
Awb_4623828,=("ord_391325138023_test"),Test Automation Client,Test Automation Client Main Branch,Test Automation Client Main Branch,"A901 Supreme Business Park,South Avenue,Powai,Near Hiranandani Gardens,Mumbai,Maharashtra,INDIA,400076",19.1115,72.9093,Delivery,Forward,,,"13, Jun 2019 10:10 AM","13, Jun 2019 11:15 AM","13, Jun 2019 11:45 AM",,COD,200.0000,200.0000,200.0000,-,-,-,,,Delivered,15,-,,-,-,,=(""),"13, Jun 2019 10:32 AM","13, Jun 2019 10:32 AM",0.0,,0.42653268575668335,,=(""),=(""),0,=(""),"13, Jun 2019 10:32 AM",,,,,,Cust_9368,User_7488,,2,10.0,10.1,,-,0.0,1,NA,NA,N,-,-,-,Geofence Not Mapped,-
Awb_8267078,=("ord_848134932570_test"),Test Automation Client,Test Automation Client Main Branch,Test Automation Client Main Branch,"A901 Supreme Business Park,South Avenue,Powai,Near Hiranandani Gardens,Mumbai,Maharashtra,INDIA,400076",19.1115,72.9093,Delivery,Forward,,,"13, Jun 2019 10:10 AM","13, Jun 2019 11:15 AM","13, Jun 2019 11:45 AM",,COD,200.0000,-,0.0000,-,-,-,,,CANCELLED,15,-,,-,-,,=(""),"13, Jun 2019 10:32 AM","13, Jun 2019 10:32 AM",0.0,,0.42653268575668335,,=(""),=(""),0,=(""),"13, Jun 2019 10:32 AM",,,,,,Cust_3535,User_1486,,2,10.0,10.1,,Delivery Boy not available,0.0,0,NA,NA,N,-,-,-,Geofence Not Mapped,-
Ord_5347961_File,=("OrdWallets_0070972_File"),Account_Test,Mumbai,Mumbai,"A901 Supreme Business Park,South Avenue,Powai,Mumbai,Maharashtra,INDIA,400076",19.1093,72.8545,Delivery,Forward,Delivery Boy,,"13, Jun 2019 10:10 AM","13, Jun 2019 11:15 AM","13, Jun 2019 11:45 AM",,COD,2000.0000,2000.0000,2000.0000,-,-,-,,,Delivered,10,-,,-,-,,=(""),"13, Jun 2019 10:31 AM","13, Jun 2019 10:31 AM",0.0,,18.998411178588867,,=(""),=(""),0,=(""),"13, Jun 2019 10:31 AM",,,,,,Cust_5574,User_8056,,6,4.0,500.0,,-,0.0,1,NA,NA,N,-,-,-,Geofence Not Mapped,-
Awb_2924804,=("ord_033718592318_test"),Test Automation Client,Test Automation Client Main Branch,Test Automation Client Main Branch,"A901 Supreme Business Park,South Avenue,Powai,Near Hiranandani Gardens,Mumbai,Maharashtra,INDIA,400076",19.1115,72.9093,Delivery,Forward,,,"13, Jun 2019 09:53 AM","13, Jun 2019 10:58 AM","13, Jun 2019 11:28 AM",,COD,200.0000,-,0.0000,-,-,-,,,Attempted Delivery,15,-,,-,-,,=(""),"13, Jun 2019 10:15 AM","13, Jun 2019 10:15 AM",0.0,,0.42653268575668335,,=(""),=(""),0,=(""),"13, Jun 2019 10:15 AM",,,0.0,0.0,,Cust_6886,User_7181,,2,10.0,10.1,,No customer at delivery location,0.0,1,NA,NA,N,-,-,-,Geofence Not Mapped,-
Awb_7716778,=("ord_749423252834_test"),Test Automation Client,Test Automation Client Main Branch,Test Automation Client Main Branch,"A901 Supreme Business Park,South Avenue,Powai,Near Hiranandani Gardens,Mumbai,Maharashtra,INDIA,400076",19.1115,72.9093,Delivery,Forward,,,"13, Jun 2019 09:37 AM","13, Jun 2019 09:38 AM","13, Jun 2019 09:45 AM",,COD,200.0000,200.0000,200.0000,-,-,-,,,Delivered,15,-,,-,-,,=(""),"13, Jun 2019 09:44 AM","13, Jun 2019 09:44 AM",0.0,,0.42653268575668335,,=(""),=(""),0,=(""),"13, Jun 2019 09:44 AM",,,,,,Cust_3648,User_1414,,2,10.0,10.1,,-,0.0,1,NA,NA,N,-,-,-,Geofence Not Mapped,-
Ord_8572401_test,=("Ord_8825042_test"),Test Automation Client,Mumbai,Mumbai,"A901 Supreme Business Park,South Avenue,Near Hiranandani Gardens,Mumbai,Maharashtra,INDIA,400076",19.1093,72.8545,Delivery,Forward,,,"08, Jun 2019 08:27 AM","13, Jun 2019 09:17 AM","13, Jun 2019 09:47 AM",,Prepaid,0.0000,-,0.0000,-,-,-,,,Intransit,15,-,User_2232305,7680933,Planning,TRIP-9683,"13, Jun 2019 03:54 AM","13, Jun 2019 02:58 AM",=(""),20.71,,18.998411178588867,,"13, Jun 2019 02:58 AM","13, Jun 2019 03:54 AM",,=(""),=(""),,,,,1,Cust_0690,User_8337,,10,,,,-,0.0,0,NA,NA,Y,3576,-,-,Geofence Not Mapped,-
Ord_1204852_test,=("Ord_WH_8620782298_test"),Test Automation Client,Test Automation Client Main Branch,Test Automation Client Main Branch,"A901 Supreme Business Park,South Avenue,Near Hiranandani Gardens,Mumbai,Maharashtra,INDIA,400076",19.1093,72.8545,Delivery,Forward,,,"08, Jun 2019 08:27 AM","13, Jun 2019 09:17 AM","13, Jun 2019 09:47 AM",,Prepaid,0.0000,-,0.0000,-,-,-,,,Not Dispatched,15,-,,-,-,,=(""),=(""),=(""),0.0,,5.777494430541992,,=(""),=(""),,=(""),=(""),,,,,,Cust_1551,User_8469,,10,,,,-,0.0,0,NA,NA,Y,3577,-,-,Geofence Not Mapped,-
Ord_2510481_test,=("Ord_4023724_test"),Test Automation Client,Mumbai,Mumbai,"A901 Supreme Business Park,South Avenue,Near Hiranandani Gardens,Mumbai,Maharashtra,INDIA,400076",19.1093,72.8545,Delivery,Forward,,,"08, Jun 2019 08:25 AM","13, Jun 2019 09:15 AM","13, Jun 2019 09:45 AM",,Prepaid,0.0000,-,0.0000,-,-,-,,,Intransit,15,-,User_9980749,9134261,Planning,TRIP-9681,"13, Jun 2019 03:52 AM","13, Jun 2019 02:56 AM",=(""),20.71,,18.998411178588867,,"13, Jun 2019 02:56 AM","13, Jun 2019 03:52 AM",,=(""),=(""),,,,,1,Cust_7172,User_7939,,10,,,,-,0.0,0,NA,NA,Y,3578,-,-,Geofence Not Mapped,-
Ord_5188045_test,=("Ord_WH_4305088395_test"),Test Automation Client,Test Automation Client Main Branch,Test Automation Client Main Branch,"A901 Supreme Business Park,South Avenue,Near Hiranandani Gardens,Mumbai,Maharashtra,INDIA,400076",19.1093,72.8545,Delivery,Forward,,,"08, Jun 2019 08:25 AM","13, Jun 2019 09:15 AM","13, Jun 2019 09:45 AM",,Prepaid,0.0000,-,0.0000,-,-,-,,,Not Dispatched,15,-,,-,-,,=(""),=(""),=(""),0.0,,5.777494430541992,,=(""),=(""),,=(""),=(""),,,,,,Cust_4653,User_2419,,10,,,,-,0.0,0,NA,NA,Y,3579,-,-,Geofence Not Mapped,-
Ord_8056130_test,=("Ord_3823625_test"),Test Automation Client,Mumbai,Mumbai,"A901 Supreme Business Park,South Avenue,Near Hiranandani Gardens,Mumbai,Maharashtra,INDIA,400076",19.1093,72.8545,Delivery,Forward,,,"08, Jun 2019 08:24 AM","13, Jun 2019 09:14 AM","13, Jun 2019 09:44 AM",,Prepaid,0.0000,-,0.0000,-,-,-,,,Intransit,15,-,User_1591827,6680070,Planning,TRIP-9679,"13, Jun 2019 03:50 AM","13, Jun 2019 02:54 AM",=(""),20.71,,18.998411178588867,,"13, Jun 2019 02:54 AM","13, Jun 2019 03:50 AM",,=(""),=(""),,,,,1,Cust_4598,User_3375,,10,,,,-,0.0,0,NA,NA,Y,3580,-,-,Geofence Not Mapped,-
Ord_6955891_test,=("Ord_WH_9035842402_test"),Test Automation Client,Test Automation Client Main Branch,Test Automation Client Main Branch,"A901 Supreme Business Park,South Avenue,Near Hiranandani Gardens,Mumbai,Maharashtra,INDIA,400076",19.1093,72.8545,Delivery,Forward,,,"08, Jun 2019 08:23 AM","13, Jun 2019 09:13 AM","13, Jun 2019 09:43 AM",,Prepaid,0.0000,-,0.0000,-,-,-,,,Not Dispatched,15,-,,-,-,,=(""),=(""),=(""),0.0,,5.777494430541992,,=(""),=(""),,=(""),=(""),,,,,,Cust_7364,User_0748,,10,,,,-,0.0,0,NA,NA,Y,3580,-,-,Geofence Not Mapped,-
Ord_0799266_test,=("Ord_2689397_test"),Test Automation Client,Mumbai,Mumbai,"A901 Supreme Business Park,South Avenue,Near Hiranandani Gardens,Mumbai,Maharashtra,INDIA,400076",19.1093,72.8545,Delivery,Forward,,,"08, Jun 2019 08:16 AM","13, Jun 2019 09:06 AM","13, Jun 2019 09:36 AM",,Prepaid,0.0000,-,0.0000,-,-,-,,,Not Dispatched,15,-,,-,-,,=(""),=(""),=(""),0.0,,18.998411178588867,,=(""),=(""),,=(""),=(""),,,,,,Cust_7650,User_0169,,10,,,,-,0.0,0,NA,NA,Y,3587,-,-,Geofence Not Mapped,-
Ord_9308189_test,=("Ord_0447982_test"),Test Automation Client,Kolkata,Kolkata,"A901 Supreme Business Park,South Avenue,Near Hiranandani Gardens,Kolkata,Maharashtra,INDIA,400076",19.1093,72.8545,Delivery,Forward,,,"08, Jun 2019 08:06 AM","13, Jun 2019 08:56 AM","13, Jun 2019 09:26 AM",,Prepaid,0.0000,-,0.0000,-,-,-,,,Intransit,15,-,User_3671064,3835405,Planning,TRIP-9677,"14, Jun 2019 08:10 PM","13, Jun 2019 02:37 AM",=(""),2046.29,,1656.144287109375,,"13, Jun 2019 02:37 AM","14, Jun 2019 08:10 PM",,=(""),=(""),,,,,1,Cust_0202,User_0153,,1,,,,-,0.0,0,NA,NA,Y,3598,-,-,Geofence Not Mapped,-
Ord_4253182_test,=("ord_904877781272_test"),Test Automation Client,Test Automation Client Main Branch,Test Automation Client Main Branch,"A901 Supreme Business Park,South Avenue,Near Hiranandani Gardens,Mumbai,Maharashtra,INDIA,400076",19.1093,72.8545,Delivery,Forward,,,"08, Jun 2019 08:03 AM","13, Jun 2019 08:53 AM","13, Jun 2019 09:23 AM",,Prepaid,0.0000,-,0.0000,-,-,-,,,Not Dispatched,15,-,,-,-,,=(""),=(""),=(""),0.0,,5.777494430541992,,=(""),=(""),,=(""),=(""),,,,,,Cust_4010,User_4202,,10,,,,-,0.0,0,NA,NA,Y,3601,-,-,Geofence Not Mapped,-
Ord_2276847_test,=("Ord_9792776_test"),Test Automation Client,Kolkata,Kolkata,"A901 Supreme Business Park,South Avenue,Near Hiranandani Gardens,Kolkata,Maharashtra,INDIA,400076",19.1093,72.8545,Delivery,Forward,,,"08, Jun 2019 07:56 AM","13, Jun 2019 08:46 AM","13, Jun 2019 09:16 AM",,Prepaid,0.0000,-,0.0000,-,-,-,,,Intransit,15,-,User_9174326,7306765,Planning,TRIP-9675,"14, Jun 2019 08:00 PM","13, Jun 2019 02:28 AM",=(""),2046.29,,1656.144287109375,,"13, Jun 2019 02:28 AM","14, Jun 2019 08:00 PM",,=(""),=(""),,,,,1,Cust_9127,User_7245,,1,,,,-,0.0,0,NA,NA,Y,3607,-,-,Geofence Not Mapped,-
Ord_7330287_UPD,=("ord_007119070583_test"),Test Automation Client,Test Automation Client Main Branch,Test Automation Client Main Branch,"A901 Supreme Business Park,South Avenue,Near Hiranandani Gardens,nullMumbai,400076",19.1092,72.8545,Delivery,Forward,,,"08, Jun 2019 07:56 AM","13, Jun 2019 09:36 AM","13, Jun 2019 10:36 AM",,Prepaid,65.0000,-,0.0000,-,-,-,,,Not Dispatched,15,-,,-,-,,=(""),=(""),=(""),0.0,,8.554,,=(""),=(""),,=(""),=(""),,,,,,Cust_7299,User_7973,,10,,,,-,0.0,0,NA,NA,Y,3527,-,-,Geofence Not Mapped,-
Ord_7567064_test,=("Ord_0986878_test"),Test Automation Client,Mumbai,Mumbai,"A901 Supreme Business Park,South Avenue,Near Hiranandani Gardens,Mumbai,Maharashtra,INDIA,400076",19.1093,72.8545,Delivery,Forward,,,"08, Jun 2019 07:55 AM","13, Jun 2019 08:45 AM","13, Jun 2019 09:15 AM",,Prepaid,0.0000,-,0.0000,-,-,-,,,Not Dispatched,15,-,User_8014995,0542968,Planning,TRIP-9673,"13, Jun 2019 09:00 AM",=(""),=(""),20.712,,18.998411178588867,,"13, Jun 2019 08:05 AM","13, Jun 2019 09:00 AM",,=(""),=(""),,,,,1,Cust_0249,User_7100,,10,,,,-,0.0,0,NA,NA,Y,3608,-,-,Geofence Not Mapped,-
Ord_3736030_test,=("Ord_1352967_test"),Test Automation Client,Mumbai,Mumbai,"A901 Supreme Business Park,South Avenue,Near Hiranandani Gardens,Mumbai,Maharashtra,INDIA,400076",19.1093,72.8545,Delivery,Forward,,,"08, Jun 2019 07:55 AM","13, Jun 2019 08:45 AM","13, Jun 2019 09:15 AM",,Prepaid,0.0000,-,0.0000,-,-,-,,,Not Dispatched,15,-,User_4118159,0937207,Planning,TRIP-9671,"13, Jun 2019 09:00 AM",=(""),=(""),20.712,,18.998411178588867,,"13, Jun 2019 08:04 AM","13, Jun 2019 09:00 AM",,=(""),=(""),,,,,1,Cust_6481,User_4591,,10,,,,-,0.0,0,NA,NA,Y,3609,-,-,Geofence Not Mapped,-
Ord_8580048_test,=("Ord_7977541_test"),Test Automation Client,Mumbai,Mumbai,"A901 Supreme Business Park,South Avenue,Near Hiranandani Gardens,Mumbai,Maharashtra,INDIA,400076",19.1093,72.8545,Delivery,Forward,,,"08, Jun 2019 07:54 AM","13, Jun 2019 08:44 AM","13, Jun 2019 09:14 AM",,Prepaid,0.0000,-,0.0000,-,-,-,,,Not Dispatched,15,-,User_2315254,4362126,Planning,TRIP-9669,"13, Jun 2019 08:59 AM",=(""),=(""),20.712,,18.998411178588867,,"13, Jun 2019 08:03 AM","13, Jun 2019 08:59 AM",,=(""),=(""),,,,,1,Cust_5473,User_0708,,10,,,,-,0.0,0,NA,NA,Y,3609,-,-,Geofence Not Mapped,-
Ord_0276756_test,=("ord_484103001664_test"),Test Automation Client,Test Automation Client Main Branch,Test Automation Client Main Branch,"A901 Supreme Business Park,South Avenue,Near Hiranandani Gardens,Mumbai,Maharashtra,INDIA,400076",19.1122,72.9099,Delivery,Forward,,,"08, Jun 2019 07:54 AM","13, Jun 2019 08:44 AM","13, Jun 2019 09:14 AM",,Prepaid,0.0000,-,0.0000,-,-,-,,,Not Dispatched,15,-,,-,-,,=(""),=(""),=(""),0.0,,0.676,,=(""),=(""),,=(""),=(""),,,,,,Cust_7384,User_5245,,10,,,,-,0.0,0,NA,NA,Y,3610,-,-,Geofence Not Mapped,-
Ord_3841909_test,=("ord_311452054957_test"),Test Automation Client,Test Automation Client Main Branch,Test Automation Client Main Branch,"A901 Supreme Business Park,South Avenue,Near Hiranandani Gardens,Mumbai,Maharashtra,INDIA,400076",19.1122,72.9099,Delivery,Forward,,,"08, Jun 2019 07:50 AM","13, Jun 2019 08:40 AM","13, Jun 2019 09:10 AM",,Prepaid,0.0000,-,0.0000,-,-,-,,,Not Dispatched,15,-,,-,-,,=(""),=(""),=(""),0.0,,0.676,,=(""),=(""),,=(""),=(""),,,,,,Cust_7359,User_7202,,10,,,,-,0.0,0,NA,NA,Y,3613,-,-,Geofence Not Mapped,-
Ord_4161743_test,=("Ord_4334384_test"),Test Automation Client,Kolkata,Kolkata,"A901 Supreme Business Park,South Avenue,Near Hiranandani Gardens,Kolkata,Maharashtra,INDIA,400076",19.1093,72.8545,Delivery,Forward,,,"08, Jun 2019 07:46 AM","13, Jun 2019 08:36 AM","13, Jun 2019 09:06 AM",,Prepaid,0.0000,-,0.0000,-,-,-,,,Intransit,15,-,User_8243666,7630461,Planning,TRIP-9667,"14, Jun 2019 07:50 PM","13, Jun 2019 02:18 AM",=(""),2046.29,,1656.144287109375,,"13, Jun 2019 02:18 AM","14, Jun 2019 07:50 PM",,=(""),=(""),,,,,1,Cust_9104,User_9950,,1,,,,-,0.0,0,NA,NA,Y,3617,-,-,Geofence Not Mapped,-
Ord_2274638_test,=("ord_976531330781_test"),Test Automation Client,Test Automation Client Main Branch,Test Automation Client Main Branch,"A901 Supreme Business Park,South Avenue,Near Hiranandani Gardens,Mumbai,Maharashtra,INDIA,400076",19.1122,72.9099,Delivery,Forward,,,"08, Jun 2019 07:46 AM","13, Jun 2019 08:36 AM","13, Jun 2019 09:06 AM",,Prepaid,0.0000,-,0.0000,-,-,-,,,Not Dispatched,15,-,,-,-,,=(""),=(""),=(""),0.0,,0.676,,=(""),=(""),,=(""),=(""),,,,,,Cust_0010,User_2707,,10,,,,-,0.0,0,NA,NA,Y,3618,-,-,Geofence Not Mapped,-
Ord_0279444_File,=("OrdWallets_7540702_File"),Account_Test,Mumbai,Mumbai,"A901 Supreme Business Park,South Avenue,Powai,Mumbai,Maharashtra,INDIA,400076",19.1093,72.8545,Delivery,Forward,Delivery Boy,,"13, Jun 2019 02:01 AM","13, Jun 2019 03:06 AM","13, Jun 2019 03:36 AM",,COD,2000.0000,2000.0000,2000.0000,-,-,-,,,Delivered,10,-,,-,-,,=(""),"13, Jun 2019 02:19 AM","13, Jun 2019 02:19 AM",0.0,,18.998411178588867,,=(""),=(""),0,=(""),"13, Jun 2019 02:19 AM",,,,,,Cust_8390,User_9683,,6,4.0,500.0,,-,0.0,1,NA,NA,N,-,-,-,Geofence Not Mapped,-
Ord_8360255_test,=("ord_293562903780_test"),Test Automation Client,Test Automation Client Main Branch,Test Automation Client Main Branch,"A901 Supreme Business Park,South Avenue,Near Hiranandani Gardens,Mumbai,Maharashtra,INDIA,400076",19.1093,72.8545,Delivery,Forward,,,"08, Jun 2019 07:43 AM","13, Jun 2019 08:33 AM","13, Jun 2019 09:03 AM",,Prepaid,0.0000,-,0.0000,-,-,-,,,Not Dispatched,15,-,User_299006065,E_70380475,Manually,TRIP-9664,"15, Jun 2019 08:28 AM",=(""),=(""),8.56,,5.777494430541992,,"15, Jun 2019 07:46 AM","15, Jun 2019 08:28 AM",,=(""),=(""),,,,,1,Cust_4470,User_8235,,10,,,,-,0.0,0,NA,NA,Y,3621,-,-,Geofence Not Mapped,-
8156700,=("C8156700"),Test Automation Client,Mumbai,Mumbai,"supreme business park,hiranandani,powai,Mumbai,SINGAPORE,400076",19.1245,72.8937,Delivery,Forward,,,"02, Jun 2017 11:30 AM","13, Jun 2019 02:13 AM","13, Jun 2019 02:13 AM",,Prepaid,0.0000,0.0000,0.0000,-,-,-,,0.0000,Delivered,12,-,Auto8156700,8156700,Planning,TRIP-9665,"13, Jun 2019 02:25 AM","13, Jun 2019 02:13 AM","13, Jun 2019 02:13 AM",23.851,,16.876605987548828,,"13, Jun 2019 01:23 AM","13, Jun 2019 02:25 AM",0,=(""),"13, Jun 2019 02:13 AM",,,,,1,8156700,8156700,,1,,,,-,0.0,1,NA,NA,Y,0,-,-,Geofence Not Mapped,-
Awb_7808632,=("ord_805122294445_test"),Test Automation Client,Test Automation Client Main Branch,Test Automation Client Main Branch,"A901 Supreme Business Park,South Avenue,Powai,Near Hiranandani Gardens,Mumbai,Maharashtra,INDIA,400076",19.1115,72.9093,Delivery,Forward,,,"13, Jun 2019 01:45 AM","13, Jun 2019 02:50 AM","13, Jun 2019 03:20 AM",,COD,200.0000,-,0.0000,-,-,-,,,Not Dispatched,15,-,,-,-,,=(""),=(""),=(""),0.0,,0.42653268575668335,,=(""),=(""),,=(""),=(""),,,,,,Cust_5517,User_4113,,2,10.0,10.1,,-,0.0,0,NA,NA,Y,3964,-,-,Geofence Not Mapped,-
Ord_1787789_test,=("ord_366691251212_test"),Test Automation Client,Test Automation Client Main Branch,Test Automation Client Main Branch,"A901 Supreme Business Park,South Avenue,Near Hiranandani Gardens,Mumbai,Maharashtra,INDIA,400076",19.1093,72.8545,Delivery,Forward,,,"08, Jun 2019 07:19 AM","13, Jun 2019 08:09 AM","13, Jun 2019 08:39 AM",,Prepaid,0.0000,-,0.0000,-,-,-,,,Not Dispatched,15,-,,-,-,,=(""),=(""),=(""),0.0,,5.777494430541992,,=(""),=(""),,=(""),=(""),,,,,,Cust_8348,User_5736,,10,,,,-,0.0,0,NA,NA,Y,3645,OUTSCANNED,-,Geofence Not Mapped,-
Ord_4654423_test,=("ord_716776630072_test"),Test Automation Client,Test Automation Client Main Branch,Test Automation Client Main Branch,"A901 Supreme Business Park,South Avenue,Near Hiranandani Gardens,Mumbai,Maharashtra,INDIA,400076",19.1093,72.8545,Delivery,Forward,,,"08, Jun 2019 07:14 AM","13, Jun 2019 08:04 AM","13, Jun 2019 08:34 AM",,Prepaid,0.0000,-,0.0000,-,-,-,,,Not Dispatched,15,-,,-,-,,=(""),=(""),=(""),0.0,,5.777494430541992,,=(""),=(""),,=(""),=(""),,,,,,Cust_0236,User_9073,,10,,,,-,0.0,0,NA,NA,Y,3650,-,-,Geofence Not Mapped,-
Ord_6077520_File,=("Ord_8607747_File"),Test Automation Client,Test Automation Client Main Branch,Test Automation Client Main Branch,"A901 Supreme Business Park,South Avenue,Powai,Mumbai,Maharashtra,INDIA,400076",19.1093,72.8545,Delivery,Forward,Delivery Boy,,"13, Jun 2019 01:27 AM","13, Jun 2019 02:32 AM","13, Jun 2019 03:02 AM",,COD,2000.0000,-,0.0000,-,-,-,,,Not Dispatched,10,-,,-,-,,=(""),=(""),=(""),0.0,,5.777494430541992,,=(""),=(""),,=(""),=(""),,,,,,Cust_1746,User_9857,,6,4.0,500.0,,-,0.0,0,NA,NA,Y,3982,-,-,Geofence Not Mapped,-
Awb_3750476,=("ord_872796121588_test"),Test Automation Client,Test Automation Client Main Branch,Test Automation Client Main Branch,"A901 Supreme Business Park,South Avenue,Powai,Near Hiranandani Gardens,Mumbai,Maharashtra,INDIA,400076",19.1115,72.9093,Delivery,Forward,,,"13, Jun 2019 01:12 AM","13, Jun 2019 02:17 AM","13, Jun 2019 02:47 AM",,COD,200.0000,-,0.0000,-,-,-,,,CANCELLED,15,-,,-,-,,=(""),"13, Jun 2019 01:38 AM","13, Jun 2019 01:38 AM",0.0,,0.42653268575668335,,=(""),=(""),0,=(""),"13, Jun 2019 01:38 AM",,,,,,Cust_1943,User_2430,,2,10.0,10.1,,Delivery Boy not available,0.0,0,NA,NA,N,-,-,-,Geofence Not Mapped,-
Awb_0254382,=("ord_055767473704_test"),Test Automation Client,Test Automation Client Main Branch,Test Automation Client Main Branch,"A901 Supreme Business Park,South Avenue,Powai,Near Hiranandani Gardens,Mumbai,Maharashtra,INDIA,400076",19.1115,72.9093,Delivery,Forward,,,"13, Jun 2019 12:58 AM","13, Jun 2019 02:03 AM","13, Jun 2019 02:33 AM",,COD,200.0000,-,0.0000,-,-,-,,,CANCELLED,15,-,,-,-,,=(""),"13, Jun 2019 01:22 AM","13, Jun 2019 01:22 AM",0.0,,0.42653268575668335,,=(""),=(""),0,=(""),"13, Jun 2019 01:22 AM",,,,,,Cust_0090,User_7025,,2,10.0,10.1,,Delivery Boy not available,0.0,0,NA,NA,N,-,-,-,Geofence Not Mapped,-
Ord_8993241_test,=("ord_121133808396_test"),Test Automation Client,Test Automation Client Main Branch,Test Automation Client Main Branch,"A901 Supreme Business Park,South Avenue,Near Hiranandani Gardens,Mumbai,Maharashtra,INDIA,400076",19.1093,72.8545,Delivery,Forward,,,"08, Jun 2019 06:42 AM","13, Jun 2019 07:32 AM","13, Jun 2019 08:02 AM",,Prepaid,0.0000,-,0.0000,-,-,-,,,Not Dispatched,15,-,,-,-,,=(""),=(""),=(""),0.0,,5.777494430541992,,=(""),=(""),,=(""),=(""),,,,,,Cust_1897,User_9874,,10,,,,-,0.0,0,NA,NA,Y,3681,-,-,Geofence Not Mapped,-
Awb_3303433,=("ord_648348666173_test"),Test Automation Client,Test Automation Client Main Branch,Test Automation Client Main Branch,"A901 Supreme Business Park,South Avenue,Powai,Near Hiranandani Gardens,Mumbai,Maharashtra,INDIA,400076",19.1115,72.9093,Delivery,Forward,,,"13, Jun 2019 12:49 AM","13, Jun 2019 12:54 AM","13, Jun 2019 01:24 AM",,COD,200.0000,-,0.0000,-,-,-,,,Not Dispatched,15,-,,-,-,,=(""),=(""),=(""),0.0,,0.739,,=(""),=(""),,=(""),=(""),,,,,,Cust_0745,User_8213,,2,10.0,10.1,,-,0.0,0,NA,NA,Y,4080,-,-,Geofence Not Mapped,-
Awb_3551640,=("ord_560065330304_test"),Test Automation Client,Test Automation Client Main Branch,Test Automation Client Main Branch,"A901 Supreme Business Park,South Avenue,Powai,Near Hiranandani Gardens,Mumbai,Maharashtra,INDIA,400076",19.1115,72.9093,Delivery,Forward,,,"13, Jun 2019 12:45 AM","13, Jun 2019 01:50 AM","13, Jun 2019 02:20 AM",,COD,200.0000,-,0.0000,-,-,-,,,CANCELLED,15,-,,-,-,,=(""),"13, Jun 2019 01:09 AM","13, Jun 2019 01:09 AM",0.0,,0.42653268575668335,,=(""),=(""),0,=(""),"13, Jun 2019 01:09 AM",,,,,,Cust_5135,User_3112,,2,10.0,10.1,,Delivery Boy not available,0.0,0,NA,NA,N,-,-,-,Geofence Not Mapped,-
Ord_3697499_test,=("ord_393973062792_test"),Test Automation Client,Test Automation Client Main Branch,Test Automation Client Main Branch,"A901 Supreme Business Park,South Avenue,Near Hiranandani Gardens,Mumbai,Maharashtra,INDIA,400076",19.1093,72.8545,Delivery,Forward,,,"08, Jun 2019 06:35 AM","13, Jun 2019 07:25 AM","13, Jun 2019 07:55 AM",,Prepaid,0.0000,-,0.0000,-,-,-,,,Not Dispatched,15,-,,-,-,,=(""),=(""),=(""),0.0,,5.777494430541992,,=(""),=(""),,=(""),=(""),,,,,,Cust_3786,User_3442,,10,,,,-,0.0,0,NA,NA,Y,3688,-,-,Geofence Not Mapped,-
Awb_1053340,=("ord_883125833260_test"),Test Automation Client,Test Automation Client Main Branch,Test Automation Client Main Branch,"A901 Supreme Business Park,South Avenue,Powai,Near Hiranandani Gardens,Mumbai,Maharashtra,INDIA,400076",19.1115,72.9093,Delivery,Forward,,,"13, Jun 2019 12:43 AM","13, Jun 2019 01:48 AM","13, Jun 2019 02:18 AM",,COD,200.0000,-,0.0000,-,-,-,,,Attempted Delivery,15,-,,-,-,,=(""),"13, Jun 2019 01:06 AM","13, Jun 2019 01:06 AM",0.0,,0.42653268575668335,,=(""),=(""),0,=(""),"13, Jun 2019 01:06 AM",,,0.0,0.0,,Cust_1819,User_6022,,2,10.0,10.1,,No customer at delivery location,0.0,1,NA,NA,N,-,-,-,Geofence Not Mapped,-
Awb_7244278,=("ord_201955174745_test"),Test Automation Client,Test Automation Client Main Branch,Test Automation Client Main Branch,"A901 Supreme Business Park,South Avenue,Powai,Near Hiranandani Gardens,Mumbai,Maharashtra,INDIA,400076",19.1115,72.9093,Delivery,Forward,,,"13, Jun 2019 12:43 AM","13, Jun 2019 01:48 AM","13, Jun 2019 02:18 AM",,COD,200.0000,200.0000,200.0000,-,-,-,,,Delivered,15,-,,-,-,,=(""),"13, Jun 2019 01:05 AM","13, Jun 2019 01:05 AM",0.0,,0.42653268575668335,,=(""),=(""),0,=(""),"13, Jun 2019 01:05 AM",,,,,,Cust_5352,User_2213,,2,10.0,10.1,,-,0.0,1,NA,NA,N,-,-,-,Geofence Not Mapped,-
Awb_6912617,=("ord_431599868697_test"),Test Automation Client,Test Automation Client Main Branch,Test Automation Client Main Branch,"A901 Supreme Business Park,South Avenue,Powai,Near Hiranandani Gardens,Mumbai,Maharashtra,INDIA,400076",19.1115,72.9093,Delivery,Forward,,,"13, Jun 2019 12:40 AM","13, Jun 2019 12:45 AM","13, Jun 2019 01:15 AM",,COD,200.0000,-,0.0000,-,-,-,,,Not Dispatched,15,-,,-,-,,=(""),=(""),=(""),0.0,,0.42653268575668335,,=(""),=(""),,=(""),=(""),,,,,,Cust_9654,User_2143,,2,10.0,10.1,,-,0.0,0,NA,NA,Y,4089,-,-,Geofence Not Mapped,-
Ord_3723089_test,=("Ord_7040553_test"),Test Automation Client,Delhi,Delhi,"A901 Supreme Business Park,South Avenue,Near Hiranandani Gardens,Delhi,Maharashtra,INDIA,400076",19.1093,72.8545,Delivery,Forward,,,"08, Jun 2019 06:29 AM","13, Jun 2019 07:19 AM","13, Jun 2019 07:49 AM",,Prepaid,0.0000,-,0.0000,-,-,-,,,Intransit,15,-,User_7667192,7184122,Planning,TRIP-9656,"13, Jun 2019 01:28 AM","13, Jun 2019 01:00 AM",=(""),2.87,,1.6686804294586182,,"13, Jun 2019 01:00 AM","13, Jun 2019 01:28 AM",,=(""),=(""),,,,,1,Cust_0834,User_8794,,1,,,,-,0.0,0,NA,NA,Y,3695,-,-,Geofence Not Mapped,-
Ord_3570330_test,=("Ord_1996297_test"),Test Automation Client,Delhi,Delhi,"A901 Supreme Business Park,South Avenue,Near Hiranandani Gardens,Delhi,Maharashtra,INDIA,400076",19.1093,72.8545,Delivery,Forward,,,"08, Jun 2019 06:26 AM","13, Jun 2019 07:16 AM","13, Jun 2019 07:46 AM",,Prepaid,0.0000,-,0.0000,-,-,-,,,Intransit,15,-,User_8078955,3043448,Planning,TRIP-9654,"13, Jun 2019 01:25 AM","13, Jun 2019 12:58 AM",=(""),2.87,,1.6686804294586182,,"13, Jun 2019 12:58 AM","13, Jun 2019 01:25 AM",,=(""),=(""),,,,,1,Cust_7353,User_4262,,1,,,,-,0.0,0,NA,NA,Y,3698,-,-,Geofence Not Mapped,-
Ord_1938557_test,=("Ord_4017770_test"),Test Automation Client,Delhi,Delhi,"A901 Supreme Business Park,South Avenue,Near Hiranandani Gardens,Delhi,Maharashtra,INDIA,400076",19.1093,72.8545,Delivery,Forward,,,"08, Jun 2019 06:24 AM","13, Jun 2019 07:14 AM","13, Jun 2019 07:44 AM",,Prepaid,0.0000,-,0.0000,-,-,-,,,Intransit,15,-,User_7113548,8537840,Planning,TRIP-9652,"13, Jun 2019 01:22 AM","13, Jun 2019 12:55 AM",=(""),2.87,,1.6686804294586182,,"13, Jun 2019 12:55 AM","13, Jun 2019 01:22 AM",,=(""),=(""),,,,,1,Cust_2231,User_0699,,1,,,,-,0.0,0,NA,NA,Y,3700,-,-,Geofence Not Mapped,-
Ord_9400207_test,=("Ord_0774649_test"),Test Automation Client,Mumbai,Mumbai,"A901 Supreme Business Park,South Avenue,Near Hiranandani Gardens,Mumbai,Maharashtra,INDIA,400076",19.1093,72.8545,Delivery,Forward,,,"08, Jun 2019 05:59 AM","13, Jun 2019 06:49 AM","13, Jun 2019 07:19 AM",,Prepaid,0.0000,-,0.0000,-,-,-,,,Intransit,15,-,User_7124760,7388102,Planning,TRIP-9649,"13, Jun 2019 01:25 AM","13, Jun 2019 12:29 AM",=(""),20.71,,18.998411178588867,,"13, Jun 2019 12:29 AM","13, Jun 2019 01:25 AM",,=(""),=(""),,,,,1,Cust_4890,User_5481,,10,,,,-,0.0,0,NA,NA,Y,3725,-,-,Geofence Not Mapped,-
Ord_7137916_test,=("Ord_WH_5745856575_test"),Test Automation Client,Test Automation Client Main Branch,Test Automation Client Main Branch,"A901 Supreme Business Park,South Avenue,Near Hiranandani Gardens,Mumbai,Maharashtra,INDIA,400076",19.1093,72.8545,Delivery,Forward,,,"08, Jun 2019 05:58 AM","13, Jun 2019 06:48 AM","13, Jun 2019 07:18 AM",,Prepaid,0.0000,-,0.0000,-,-,-,,,Not Dispatched,15,-,,-,-,,=(""),=(""),=(""),0.0,,5.777494430541992,,=(""),=(""),,=(""),=(""),,,,,,Cust_4088,User_2108,,10,,,,-,0.0,0,NA,NA,Y,3726,-,-,Geofence Not Mapped,-
Ord_9648498_test,=("Ord_9797491_test"),Test Automation Client,Mumbai,Mumbai,"A901 Supreme Business Park,South Avenue,Near Hiranandani Gardens,Mumbai,Maharashtra,INDIA,400076",19.1093,72.8545,Delivery,Forward,,,"08, Jun 2019 05:57 AM","13, Jun 2019 06:47 AM","13, Jun 2019 07:17 AM",,Prepaid,0.0000,-,0.0000,-,-,-,,,Intransit,15,-,User_9949091,2016383,Planning,TRIP-9647,"13, Jun 2019 01:23 AM","13, Jun 2019 12:27 AM",=(""),20.71,,18.998411178588867,,"13, Jun 2019 12:27 AM","13, Jun 2019 01:23 AM",,=(""),=(""),,,,,1,Cust_4769,User_4583,,10,,,,-,0.0,0,NA,NA,Y,3727,-,-,Geofence Not Mapped,-
Ord_2842292_test,=("Ord_WH_4086514757_test"),Test Automation Client,Test Automation Client Main Branch,Test Automation Client Main Branch,"A901 Supreme Business Park,South Avenue,Near Hiranandani Gardens,Mumbai,Maharashtra,INDIA,400076",19.1093,72.8545,Delivery,Forward,,,"08, Jun 2019 05:56 AM","13, Jun 2019 06:46 AM","13, Jun 2019 07:16 AM",,Prepaid,0.0000,-,0.0000,-,-,-,,,Not Dispatched,15,-,,-,-,,=(""),=(""),=(""),0.0,,5.777494430541992,,=(""),=(""),,=(""),=(""),,,,,,Cust_9877,User_9613,,10,,,,-,0.0,0,NA,NA,Y,3728,-,-,Geofence Not Mapped,-
Ord_3260948_test,=("Ord_2539735_test"),Test Automation Client,Mumbai,Mumbai,"A901 Supreme Business Park,South Avenue,Near Hiranandani Gardens,Mumbai,Maharashtra,INDIA,400076",19.1093,72.8545,Delivery,Forward,,,"08, Jun 2019 05:55 AM","13, Jun 2019 06:45 AM","13, Jun 2019 07:15 AM",,Prepaid,0.0000,-,0.0000,-,-,-,,,Intransit,15,-,User_0368810,8686840,Planning,TRIP-9645,"13, Jun 2019 01:21 AM","13, Jun 2019 12:25 AM",=(""),20.71,,18.998411178588867,,"13, Jun 2019 12:25 AM","13, Jun 2019 01:21 AM",,=(""),=(""),,,,,1,Cust_0119,User_7239,,10,,,,-,0.0,0,NA,NA,Y,3729,-,-,Geofence Not Mapped,-
Ord_9589391_test,=("Ord_WH_0638174255_test"),Test Automation Client,Test Automation Client Main Branch,Test Automation Client Main Branch,"A901 Supreme Business Park,South Avenue,Near Hiranandani Gardens,Mumbai,Maharashtra,INDIA,400076",19.1093,72.8545,Delivery,Forward,,,"08, Jun 2019 05:54 AM","13, Jun 2019 06:44 AM","13, Jun 2019 07:14 AM",,Prepaid,0.0000,-,0.0000,-,-,-,,,Not Dispatched,15,-,,-,-,,=(""),=(""),=(""),0.0,,5.777494430541992,,=(""),=(""),,=(""),=(""),,,,,,Cust_7607,User_9364,,10,,,,-,0.0,0,NA,NA,Y,3729,-,-,Geofence Not Mapped,-
Ord_0550484_test,=("Ord_8978312_test"),Test Automation Client,Mumbai,Mumbai,"A901 Supreme Business Park,South Avenue,Near Hiranandani Gardens,Mumbai,Maharashtra,INDIA,400076",19.1093,72.8545,Delivery,Forward,,,"08, Jun 2019 05:46 AM","13, Jun 2019 06:36 AM","13, Jun 2019 07:06 AM",,Prepaid,0.0000,-,0.0000,-,-,-,,,Not Dispatched,15,-,,-,-,,=(""),=(""),=(""),0.0,,18.998411178588867,,=(""),=(""),,=(""),=(""),,,,,,Cust_3217,User_1335,,10,,,,-,0.0,0,NA,NA,Y,3737,-,-,Geofence Not Mapped,-
Ord_6185768_test,=("ord_806569166860_test"),Test Automation Client,Test Automation Client Main Branch,Test Automation Client Main Branch,"A901 Supreme Business Park,South Avenue,Near Hiranandani Gardens,Mumbai,Maharashtra,INDIA,400076",19.1093,72.8545,Delivery,Forward,,,"08, Jun 2019 05:30 AM","13, Jun 2019 06:20 AM","13, Jun 2019 06:50 AM",,Prepaid,0.0000,-,0.0000,-,-,-,,,Not Dispatched,15,-,,-,-,,=(""),=(""),=(""),0.0,,5.777494430541992,,=(""),=(""),,=(""),=(""),,,,,,Cust_9820,User_1504,,10,,,,-,0.0,0,NA,NA,Y,3754,-,-,Geofence Not Mapped,-
Ord_3445415_test,=("Ord_5688056_test"),Test Automation Client,Kolkata,Kolkata,"A901 Supreme Business Park,South Avenue,Near Hiranandani Gardens,Kolkata,Maharashtra,INDIA,400076",19.1093,72.8545,Delivery,Forward,,,"08, Jun 2019 05:28 AM","13, Jun 2019 06:18 AM","13, Jun 2019 06:48 AM",,Prepaid,0.0000,-,0.0000,-,-,-,,,Intransit,15,-,User_6813674,0698958,Planning,TRIP-9643,"14, Jun 2019 05:31 PM","12, Jun 2019 11:59 PM",=(""),2046.29,,1656.144287109375,,"12, Jun 2019 11:59 PM","14, Jun 2019 05:31 PM",,=(""),=(""),,,,,1,Cust_6933,User_1676,,1,,,,-,0.0,0,NA,NA,Y,3756,-,-,Geofence Not Mapped,-
Ord_7044856_test,=("Ord_2031141_test"),Test Automation Client,Kolkata,Kolkata,"A901 Supreme Business Park,South Avenue,Near Hiranandani Gardens,Kolkata,Maharashtra,INDIA,400076",19.1093,72.8545,Delivery,Forward,,,"08, Jun 2019 05:18 AM","13, Jun 2019 06:08 AM","13, Jun 2019 06:38 AM",,Prepaid,0.0000,-,0.0000,-,-,-,,,Intransit,15,-,User_2359318,0777257,Planning,TRIP-9641,"14, Jun 2019 05:21 PM","12, Jun 2019 11:49 PM",=(""),2046.29,,1656.144287109375,,"12, Jun 2019 11:49 PM","14, Jun 2019 05:21 PM",,=(""),=(""),,,,,1,Cust_3723,User_9973,,1,,,,-,0.0,0,NA,NA,Y,3766,-,-,Geofence Not Mapped,-
Ord_0691516_UPD,=("ord_798313778250_test"),Test Automation Client,Test Automation Client Main Branch,Test Automation Client Main Branch,"A901 Supreme Business Park,South Avenue,Near Hiranandani Gardens,nullMumbai,400076",19.1092,72.8545,Delivery,Forward,,,"08, Jun 2019 05:12 AM","13, Jun 2019 06:52 AM","13, Jun 2019 07:52 AM",,Prepaid,65.0000,-,0.0000,-,-,-,,,Not Dispatched,15,-,,-,-,,=(""),=(""),=(""),0.0,,8.558,,=(""),=(""),,=(""),=(""),,,,,,Cust_3196,User_0005,,10,,,,-,0.0,0,NA,NA,Y,3692,-,-,Geofence Not Mapped,-
Ord_9090457_test,=("Ord_9594758_test"),Test Automation Client,Mumbai,Mumbai,"A901 Supreme Business Park,South Avenue,Near Hiranandani Gardens,Mumbai,Maharashtra,INDIA,400076",19.1093,72.8545,Delivery,Forward,,,"08, Jun 2019 05:11 AM","13, Jun 2019 06:01 AM","13, Jun 2019 06:31 AM",,Prepaid,0.0000,-,0.0000,-,-,-,,,Not Dispatched,15,-,User_7266403,1624131,Planning,TRIP-9639,"13, Jun 2019 06:16 AM",=(""),=(""),20.712,,18.998411178588867,,"13, Jun 2019 05:21 AM","13, Jun 2019 06:16 AM",,=(""),=(""),,,,,1,Cust_9837,User_4062,,10,,,,-,0.0,0,NA,NA,Y,3772,-,-,Geofence Not Mapped,-
Ord_5069297_test,=("Ord_5362699_test"),Test Automation Client,Mumbai,Mumbai,"A901 Supreme Business Park,South Avenue,Near Hiranandani Gardens,Mumbai,Maharashtra,INDIA,400076",19.1093,72.8545,Delivery,Forward,,,"08, Jun 2019 05:11 AM","13, Jun 2019 06:01 AM","13, Jun 2019 06:31 AM",,Prepaid,0.0000,-,0.0000,-,-,-,,,Not Dispatched,15,-,User_8971348,1020351,Planning,TRIP-9637,"13, Jun 2019 06:16 AM",=(""),=(""),20.712,,18.998411178588867,,"13, Jun 2019 05:20 AM","13, Jun 2019 06:16 AM",,=(""),=(""),,,,,1,Cust_5807,User_4390,,10,,,,-,0.0,0,NA,NA,Y,3773,-,-,Geofence Not Mapped,-
Ord_4614110_test,=("Ord_4977551_test"),Test Automation Client,Mumbai,Mumbai,"A901 Supreme Business Park,South Avenue,Near Hiranandani Gardens,Mumbai,Maharashtra,INDIA,400076",19.1093,72.8545,Delivery,Forward,,,"08, Jun 2019 05:10 AM","13, Jun 2019 06:00 AM","13, Jun 2019 06:30 AM",,Prepaid,0.0000,-,0.0000,-,-,-,,,Not Dispatched,15,-,User_9447905,0258271,Planning,TRIP-9635,"13, Jun 2019 06:15 AM",=(""),=(""),20.712,,18.998411178588867,,"13, Jun 2019 05:19 AM","13, Jun 2019 06:15 AM",,=(""),=(""),,,,,1,Cust_7441,User_4320,,10,,,,-,0.0,0,NA,NA,Y,3774,-,-,Geofence Not Mapped,-
Ord_5024366_test,=("ord_224524202979_test"),Test Automation Client,Test Automation Client Main Branch,Test Automation Client Main Branch,"A901 Supreme Business Park,South Avenue,Near Hiranandani Gardens,Mumbai,Maharashtra,INDIA,400076",19.1122,72.9099,Delivery,Forward,,,"08, Jun 2019 05:08 AM","13, Jun 2019 05:58 AM","13, Jun 2019 06:28 AM",,Prepaid,0.0000,-,0.0000,-,-,-,,,Not Dispatched,15,-,,-,-,,=(""),=(""),=(""),0.0,,0.677,,=(""),=(""),,=(""),=(""),,,,,,Cust_5780,User_5387,,10,,,,-,0.0,0,NA,NA,Y,3776,-,-,Geofence Not Mapped,-
Ord_3810975_test,=("Ord_4425948_test"),Test Automation Client,Kolkata,Kolkata,"A901 Supreme Business Park,South Avenue,Near Hiranandani Gardens,Kolkata,Maharashtra,INDIA,400076",19.1093,72.8545,Delivery,Forward,,,"08, Jun 2019 05:04 AM","13, Jun 2019 05:54 AM","13, Jun 2019 06:24 AM",,Prepaid,0.0000,-,0.0000,-,-,-,,,Intransit,15,-,User_6018469,9907502,Planning,TRIP-9633,"14, Jun 2019 05:08 PM","12, Jun 2019 11:36 PM",=(""),2046.29,,1656.144287109375,,"12, Jun 2019 11:36 PM","14, Jun 2019 05:08 PM",,=(""),=(""),,,,,1,Cust_3556,User_3469,,1,,,,-,0.0,0,NA,NA,Y,3779,-,-,Geofence Not Mapped,-
Ord_3816706_test,=("ord_048197036046_test"),Test Automation Client,Test Automation Client Main Branch,Test Automation Client Main Branch,"A901 Supreme Business Park,South Avenue,Near Hiranandani Gardens,Mumbai,Maharashtra,INDIA,400076",19.1122,72.9099,Delivery,Forward,,,"08, Jun 2019 05:04 AM","13, Jun 2019 05:54 AM","13, Jun 2019 06:24 AM",,Prepaid,0.0000,-,0.0000,-,-,-,,,Not Dispatched,15,-,,-,-,,=(""),=(""),=(""),0.0,,0.677,,=(""),=(""),,=(""),=(""),,,,,,Cust_6298,User_5159,,10,,,,-,0.0,0,NA,NA,Y,3780,-,-,Geofence Not Mapped,-
Ord_8047640_File,=("OrdWallets_2612914_File"),Account_Test,Mumbai,Mumbai,"A901 Supreme Business Park,South Avenue,Powai,Mumbai,Maharashtra,INDIA,400076",19.1093,72.8545,Delivery,Forward,Delivery Boy,,"12, Jun 2019 11:15 PM","13, Jun 2019 12:20 AM","13, Jun 2019 12:50 AM",,COD,2000.0000,2000.0000,2000.0000,-,-,-,,,Delivered,10,-,,-,-,,=(""),"12, Jun 2019 11:34 PM","12, Jun 2019 11:34 PM",0.0,,18.998411178588867,,=(""),=(""),0,=(""),"12, Jun 2019 11:34 PM",,,,,,Cust_1521,User_9497,,6,4.0,500.0,,-,0.0,1,NA,NA,N,-,-,-,Geofence Not Mapped,-
Ord_2662087_test,=("ord_370396154020_test"),Test Automation Client,Test Automation Client Main Branch,Test Automation Client Main Branch,"A901 Supreme Business Park,South Avenue,Near Hiranandani Gardens,Mumbai,Maharashtra,INDIA,400076",19.1122,72.9099,Delivery,Forward,,,"08, Jun 2019 05:00 AM","13, Jun 2019 05:50 AM","13, Jun 2019 06:20 AM",,Prepaid,0.0000,-,0.0000,-,-,-,,,Not Dispatched,15,-,,-,-,,=(""),=(""),=(""),0.0,,0.677,,=(""),=(""),,=(""),=(""),,,,,,Cust_4346,User_2207,,10,,,,-,0.0,0,NA,NA,Y,3784,-,-,Geofence Not Mapped,-
Ord_6098304_test,=("ord_542534799398_test"),Test Automation Client,Test Automation Client Main Branch,Test Automation Client Main Branch,"A901 Supreme Business Park,South Avenue,Near Hiranandani Gardens,Mumbai,Maharashtra,INDIA,400076",19.1093,72.8545,Delivery,Forward,,,"08, Jun 2019 04:58 AM","13, Jun 2019 05:48 AM","13, Jun 2019 06:18 AM",,Prepaid,0.0000,-,0.0000,-,-,-,,,Not Dispatched,15,-,User_958627996,E_87630425,Manually,TRIP-9629,"15, Jun 2019 05:43 AM",=(""),=(""),8.57,,5.777494430541992,,"15, Jun 2019 05:01 AM","15, Jun 2019 05:43 AM",,=(""),=(""),,,,,1,Cust_1203,User_1069,,10,,,,-,0.0,0,NA,NA,Y,3786,-,-,Geofence Not Mapped,-
4881469,=("C4881469"),Test Automation Client,Mumbai,Mumbai,"supreme business park,hiranandani,powai,Mumbai,SINGAPORE,400076",19.1245,72.8937,Delivery,Forward,,,"02, Jun 2017 11:30 AM","12, Jun 2019 11:26 PM","12, Jun 2019 11:26 PM",,Prepaid,0.0000,0.0000,0.0000,-,-,-,,0.0000,Delivered,12,-,Auto4881469,4881469,Planning,TRIP-9630,"12, Jun 2019 11:38 PM","12, Jun 2019 11:27 PM","12, Jun 2019 11:27 PM",23.851,,16.876605987548828,,"12, Jun 2019 10:36 PM","12, Jun 2019 11:38 PM",0,=(""),"12, Jun 2019 11:27 PM",,,,,1,4881469,4881469,,1,,,,-,0.0,1,NA,NA,Y,0,-,-,Geofence Not Mapped,-
Awb_2371903,=("ord_169692601856_test"),Test Automation Client,Test Automation Client Main Branch,Test Automation Client Main Branch,"A901 Supreme Business Park,South Avenue,Powai,Near Hiranandani Gardens,Mumbai,Maharashtra,INDIA,400076",19.1115,72.9093,Delivery,Forward,,,"12, Jun 2019 11:02 PM","13, Jun 2019 12:07 AM","13, Jun 2019 12:37 AM",,COD,200.0000,-,0.0000,-,-,-,,,Not Dispatched,15,-,,-,-,,=(""),=(""),=(""),0.0,,0.42653268575668335,,=(""),=(""),,=(""),=(""),,,,,,Cust_7584,User_7341,,2,10.0,10.1,,-,0.0,0,NA,NA,Y,4127,-,-,Geofence Not Mapped,-
Ord_9319736_test,=("ord_214850116707_test"),Test Automation Client,Test Automation Client Main Branch,Test Automation Client Main Branch,"A901 Supreme Business Park,South Avenue,Near Hiranandani Gardens,Mumbai,Maharashtra,INDIA,400076",19.1093,72.8545,Delivery,Forward,,,"08, Jun 2019 04:38 AM","13, Jun 2019 05:28 AM","13, Jun 2019 05:58 AM",,Prepaid,0.0000,-,0.0000,-,-,-,,,Not Dispatched,15,-,,-,-,,=(""),=(""),=(""),0.0,,5.777494430541992,,=(""),=(""),,=(""),=(""),,,,,,Cust_9091,User_8942,,10,,,,-,0.0,0,NA,NA,Y,3805,OUTSCANNED,-,Geofence Not Mapped,-
Ord_8477711_test,=("ord_055763402379_test"),Test Automation Client,Test Automation Client Main Branch,Test Automation Client Main Branch,"A901 Supreme Business Park,South Avenue,Near Hiranandani Gardens,Mumbai,Maharashtra,INDIA,400076",19.1093,72.8545,Delivery,Forward,,,"08, Jun 2019 04:27 AM","13, Jun 2019 05:17 AM","13, Jun 2019 05:47 AM",,Prepaid,0.0000,-,0.0000,-,-,-,,,Not Dispatched,15,-,,-,-,,=(""),=(""),=(""),0.0,,5.777494430541992,,=(""),=(""),,=(""),=(""),,,,,,Cust_1332,User_3716,,10,,,,-,0.0,0,NA,NA,Y,3816,-,-,Geofence Not Mapped,-
Ord_6144078_File,=("Ord_3560007_File"),Test Automation Client,Test Automation Client Main Branch,Test Automation Client Main Branch,"A901 Supreme Business Park,South Avenue,Powai,Mumbai,Maharashtra,INDIA,400076",19.1093,72.8545,Delivery,Forward,Delivery Boy,,"12, Jun 2019 10:40 PM","12, Jun 2019 11:45 PM","13, Jun 2019 12:15 AM",,COD,2000.0000,-,0.0000,-,-,-,,,Not Dispatched,10,-,,-,-,,=(""),=(""),=(""),0.0,,5.777494430541992,,=(""),=(""),,=(""),=(""),,,,,,Cust_1524,User_9360,,6,4.0,500.0,,-,0.0,0,NA,NA,Y,4149,-,-,Geofence Not Mapped,-
Awb_5631688,=("ord_752350130458_test"),Test Automation Client,Test Automation Client Main Branch,Test Automation Client Main Branch,"A901 Supreme Business Park,South Avenue,Powai,Near Hiranandani Gardens,Mumbai,Maharashtra,INDIA,400076",19.1115,72.9093,Delivery,Forward,,,"12, Jun 2019 10:25 PM","12, Jun 2019 10:30 PM","12, Jun 2019 11:00 PM",,COD,200.0000,-,0.0000,-,-,-,,,Not Dispatched,15,-,,-,-,,=(""),=(""),=(""),0.0,,0.74,,=(""),=(""),,=(""),=(""),,,,,,Cust_2592,User_5013,,2,10.0,10.1,,-,0.0,0,NA,NA,Y,4224,-,-,Geofence Not Mapped,-
Awb_5879286,=("ord_601162646433_test"),Test Automation Client,Test Automation Client Main Branch,Test Automation Client Main Branch,"A901 Supreme Business Park,South Avenue,Powai,Near Hiranandani Gardens,Mumbai,Maharashtra,INDIA,400076",19.1115,72.9093,Delivery,Forward,,,"12, Jun 2019 10:23 PM","12, Jun 2019 11:28 PM","12, Jun 2019 11:58 PM",,COD,200.0000,-,0.0000,-,-,-,,,CANCELLED,15,-,,-,-,,=(""),"12, Jun 2019 10:47 PM","12, Jun 2019 10:47 PM",0.0,,0.42653268575668335,,=(""),=(""),0,=(""),"12, Jun 2019 10:47 PM",,,,,,Cust_8584,User_0967,,2,10.0,10.1,,Delivery Boy not available,0.0,0,NA,NA,N,-,-,-,Geofence Not Mapped,-
Ord_7315635_test,=("ord_770241082106_test"),Test Automation Client,Test Automation Client Main Branch,Test Automation Client Main Branch,"A901 Supreme Business Park,South Avenue,Near Hiranandani Gardens,Mumbai,Maharashtra,INDIA,400076",19.1093,72.8545,Delivery,Forward,,,"08, Jun 2019 04:12 AM","13, Jun 2019 05:02 AM","13, Jun 2019 05:32 AM",,Prepaid,0.0000,-,0.0000,-,-,-,,,Not Dispatched,15,-,,-,-,,=(""),=(""),=(""),0.0,,5.777494430541992,,=(""),=(""),,=(""),=(""),,,,,,Cust_3967,User_0172,,10,,,,-,0.0,0,NA,NA,Y,3831,-,-,Geofence Not Mapped,-
Awb_3485938,=("ord_837408126210_test"),Test Automation Client,Test Automation Client Main Branch,Test Automation Client Main Branch,"A901 Supreme Business Park,South Avenue,Powai,Near Hiranandani Gardens,Mumbai,Maharashtra,INDIA,400076",19.1115,72.9093,Delivery,Forward,,,"12, Jun 2019 10:21 PM","12, Jun 2019 11:26 PM","12, Jun 2019 11:56 PM",,COD,200.0000,-,0.0000,-,-,-,,,Attempted Delivery,15,-,,-,-,,=(""),"12, Jun 2019 10:45 PM","12, Jun 2019 10:45 PM",0.0,,0.42653268575668335,,=(""),=(""),0,=(""),"12, Jun 2019 10:45 PM",,,0.0,0.0,,Cust_2680,User_5065,,2,10.0,10.1,,No customer at delivery location,0.0,1,NA,NA,N,-,-,-,Geofence Not Mapped,-
Awb_8547869,=("ord_516480970074_test"),Test Automation Client,Test Automation Client Main Branch,Test Automation Client Main Branch,"A901 Supreme Business Park,South Avenue,Powai,Near Hiranandani Gardens,Mumbai,Maharashtra,INDIA,400076",19.1115,72.9093,Delivery,Forward,,,"12, Jun 2019 10:20 PM","12, Jun 2019 11:25 PM","12, Jun 2019 11:55 PM",,COD,200.0000,200.0000,200.0000,-,-,-,,,Delivered,15,-,,-,-,,=(""),"12, Jun 2019 10:43 PM","12, Jun 2019 10:43 PM",0.0,,0.42653268575668335,,=(""),=(""),0,=(""),"12, Jun 2019 10:43 PM",,,,,,Cust_6534,User_3644,,2,10.0,10.1,,-,0.0,1,NA,NA,N,-,-,-,Geofence Not Mapped,-
Awb_0177751,=("ord_396234635379_test"),Test Automation Client,Test Automation Client Main Branch,Test Automation Client Main Branch,"A901 Supreme Business Park,South Avenue,Powai,Near Hiranandani Gardens,Mumbai,Maharashtra,INDIA,400076",19.1115,72.9093,Delivery,Forward,,,"12, Jun 2019 10:18 PM","12, Jun 2019 10:23 PM","12, Jun 2019 10:53 PM",,COD,200.0000,-,0.0000,-,-,-,,,Not Dispatched,15,-,,-,-,,=(""),=(""),=(""),0.0,,0.42653268575668335,,=(""),=(""),,=(""),=(""),,,,,,Cust_6736,User_2806,,2,10.0,10.1,,-,0.0,0,NA,NA,Y,4231,-,-,Geofence Not Mapped,-
Ord_3195470_test,=("Ord_2227865_test"),Test Automation Client,Delhi,Delhi,"A901 Supreme Business Park,South Avenue,Near Hiranandani Gardens,Delhi,Maharashtra,INDIA,400076",19.1093,72.8545,Delivery,Forward,,,"08, Jun 2019 04:06 AM","13, Jun 2019 04:56 AM","13, Jun 2019 05:26 AM",,Prepaid,0.0000,-,0.0000,-,-,-,,,Intransit,15,-,User_9746324,9980945,Planning,TRIP-9622,"12, Jun 2019 11:05 PM","12, Jun 2019 10:38 PM",=(""),2.87,,1.6686804294586182,,"12, Jun 2019 10:38 PM","12, Jun 2019 11:05 PM",,=(""),=(""),,,,,1,Cust_8683,User_4007,,1,,,,-,0.0,0,NA,NA,Y,3838,-,-,Geofence Not Mapped,-
Ord_8030831_test,=("Ord_1179815_test"),Test Automation Client,Delhi,Delhi,"A901 Supreme Business Park,South Avenue,Near Hiranandani Gardens,Delhi,Maharashtra,INDIA,400076",19.1093,72.8545,Delivery,Forward,,,"08, Jun 2019 04:03 AM","13, Jun 2019 04:53 AM","13, Jun 2019 05:23 AM",,Prepaid,0.0000,-,0.0000,-,-,-,,,Intransit,15,-,User_2169957,9661390,Planning,TRIP-9620,"12, Jun 2019 11:02 PM","12, Jun 2019 10:35 PM",=(""),2.87,,1.6686804294586182,,"12, Jun 2019 10:35 PM","12, Jun 2019 11:02 PM",,=(""),=(""),,,,,1,Cust_1934,User_8395,,1,,,,-,0.0,0,NA,NA,Y,3840,-,-,Geofence Not Mapped,-
Ord_7193027_test,=("Ord_0073048_test"),Test Automation Client,Delhi,Delhi,"A901 Supreme Business Park,South Avenue,Near Hiranandani Gardens,Delhi,Maharashtra,INDIA,400076",19.1093,72.8545,Delivery,Forward,,,"08, Jun 2019 04:01 AM","13, Jun 2019 04:51 AM","13, Jun 2019 05:21 AM",,Prepaid,0.0000,-,0.0000,-,-,-,,,Intransit,15,-,User_4099510,4233152,Planning,TRIP-9618,"12, Jun 2019 11:00 PM","12, Jun 2019 10:32 PM",=(""),2.87,,1.6686804294586182,,"12, Jun 2019 10:32 PM","12, Jun 2019 11:00 PM",,=(""),=(""),,,,,1,Cust_7044,User_7626,,1,,,,-,0.0,0,NA,NA,Y,3843,-,-,Geofence Not Mapped,-
Ord_2332888_test,=("Ord_4222801_test"),Test Automation Client,Mumbai,Mumbai,"A901 Supreme Business Park,South Avenue,Near Hiranandani Gardens,Mumbai,Maharashtra,INDIA,400076",19.1093,72.8545,Delivery,Forward,,,"03, Jun 2019 02:29 AM","08, Jun 2019 03:19 AM","08, Jun 2019 03:49 AM",,Prepaid,0.0000,-,0.0000,-,-,-,,,Not Dispatched,15,-,,-,-,,=(""),=(""),=(""),0.0,,18.998411178588867,,=(""),=(""),,=(""),=(""),,,,,,Cust_9293,User_7471,,10,,,,-,0.0,0,NA,NA,Y,11134,-,-,Geofence Not Mapped,-
Ord_0770760_test,=("Ord_0834201_test"),Test Automation Client,Mumbai,Mumbai,"A901 Supreme Business Park,South Avenue,Near Hiranandani Gardens,Mumbai,Maharashtra,INDIA,400076",19.1093,72.8545,Delivery,Forward,,,"03, Jun 2019 02:25 AM","08, Jun 2019 03:15 AM","08, Jun 2019 03:45 AM",,Prepaid,0.0000,-,0.0000,-,-,-,,,Not Dispatched,15,-,,-,-,,=(""),=(""),=(""),0.0,,18.998411178588867,,=(""),=(""),,=(""),=(""),,,,,,Cust_0377,User_0013,,10,,,,-,0.0,0,NA,NA,Y,11139,-,-,Geofence Not Mapped,-
Ord_0646780_test,=("Ord_5542744_test"),Test Automation Client,Mumbai,Mumbai,"A901 Supreme Business Park,South Avenue,Near Hiranandani Gardens,Mumbai,Maharashtra,INDIA,400076",19.1093,72.8545,Delivery,Forward,,,"03, Jun 2019 02:21 AM","08, Jun 2019 03:11 AM","08, Jun 2019 03:41 AM",,Prepaid,0.0000,-,0.0000,-,-,-,,,Not Dispatched,15,-,,-,-,,=(""),=(""),=(""),0.0,,18.998411178588867,,=(""),=(""),,=(""),=(""),,,,,,Cust_3542,User_0403,,10,,,,-,0.0,0,NA,NA,Y,11142,-,-,Geofence Not Mapped,-
Ord_9493899_test,=("Ord_WH_9756430491_test"),Test Automation Client,Test Automation Client Main Branch,Test Automation Client Main Branch,"A901 Supreme Business Park,South Avenue,Near Hiranandani Gardens,Mumbai,Maharashtra,INDIA,400076",19.1093,72.8545,Delivery,Forward,,,"03, Jun 2019 02:20 AM","08, Jun 2019 03:10 AM","08, Jun 2019 03:40 AM",,Prepaid,0.0000,-,0.0000,-,-,-,,,CANCELLED,15,-,User_9741467,4718052,Manually,TRIP-9611,"07, Jun 2019 09:49 PM","07, Jun 2019 08:52 PM","07, Jun 2019 08:53 PM",0.0,,5.777494430541992,,"07, Jun 2019 08:52 PM","07, Jun 2019 09:49 PM",0,=(""),"07, Jun 2019 08:53 PM",,,,,2,Cust_4075,User_4811,,10,,,,Reason not specified,0.0,0,NA,NA,N,-,-,-,Geofence Not Mapped,-
Ord_6785280_test,=("Ord_7203981_test"),Test Automation Client,Mumbai,Mumbai,"A901 Supreme Business Park,South Avenue,Near Hiranandani Gardens,Mumbai,Maharashtra,INDIA,400076",19.1093,72.8545,Delivery,Forward,,,"03, Jun 2019 02:15 AM","08, Jun 2019 03:05 AM","08, Jun 2019 03:35 AM",,Prepaid,0.0000,-,0.0000,-,-,-,,,Not Dispatched,15,-,,-,-,,=(""),=(""),=(""),0.0,,18.998411178588867,,=(""),=(""),,=(""),=(""),,,,,,Cust_4636,User_6018,,10,,,,-,0.0,0,NA,NA,Y,11149,-,-,Geofence Not Mapped,-
Ord_7778829_test,=("ord_793236151529_test"),Test Automation Client,Test Automation Client Main Branch,Test Automation Client Main Branch,"A901 Supreme Business Park,South Avenue,Near Hiranandani Gardens,Mumbai,Maharashtra,INDIA,400076",19.1093,72.8545,Delivery,Forward,,,"03, Jun 2019 02:03 AM","08, Jun 2019 02:53 AM","08, Jun 2019 03:23 AM",,Prepaid,0.0000,-,0.0000,-,-,-,,,Not Dispatched,15,-,,-,-,,=(""),=(""),=(""),0.0,,5.777494430541992,,=(""),=(""),,=(""),=(""),,,,,,Cust_3198,User_1934,,10,,,,-,0.0,0,NA,NA,Y,11161,-,-,Geofence Not Mapped,-
Ord_0327997_UPD,=("ord_266400902651_test"),Test Automation Client,Test Automation Client Main Branch,Test Automation Client Main Branch,"A901 Supreme Business Park,South Avenue,Near Hiranandani Gardens,nullMumbai,400076",19.1092,72.8545,Delivery,Forward,,,"03, Jun 2019 01:56 AM","08, Jun 2019 03:36 AM","08, Jun 2019 04:36 AM",,Prepaid,65.0000,-,0.0000,-,-,-,,,Not Dispatched,15,-,,-,-,,=(""),=(""),=(""),0.0,,8.558,,=(""),=(""),,=(""),=(""),,,,,,Cust_8437,User_3862,,10,,,,-,0.0,0,NA,NA,Y,11087,-,-,Geofence Not Mapped,-
Ord_8348495_test,=("Ord_1151561_test"),Test Automation Client,Mumbai,Mumbai,"A901 Supreme Business Park,South Avenue,Near Hiranandani Gardens,Mumbai,Maharashtra,INDIA,400076",19.1093,72.8545,Delivery,Forward,,,"03, Jun 2019 01:56 AM","08, Jun 2019 02:46 AM","08, Jun 2019 03:16 AM",,Prepaid,0.0000,-,0.0000,-,-,-,,,Not Dispatched,15,-,User_2137032,7914627,Planning,TRIP-9609,"08, Jun 2019 03:01 AM",=(""),=(""),20.712,,18.998411178588867,,"08, Jun 2019 02:05 AM","08, Jun 2019 03:01 AM",,=(""),=(""),,,,,1,Cust_8004,User_5319,,10,,,,-,0.0,0,NA,NA,Y,11168,-,-,Geofence Not Mapped,-
Ord_0452772_test,=("Ord_0716212_test"),Test Automation Client,Mumbai,Mumbai,"A901 Supreme Business Park,South Avenue,Near Hiranandani Gardens,Mumbai,Maharashtra,INDIA,400076",19.1093,72.8545,Delivery,Forward,,,"03, Jun 2019 01:55 AM","08, Jun 2019 02:45 AM","08, Jun 2019 03:15 AM",,Prepaid,0.0000,-,0.0000,-,-,-,,,Not Dispatched,15,-,User_4710241,9385514,Planning,TRIP-9607,"08, Jun 2019 03:00 AM",=(""),=(""),20.712,,18.998411178588867,,"08, Jun 2019 02:04 AM","08, Jun 2019 03:00 AM",,=(""),=(""),,,,,1,Cust_5787,User_1209,,10,,,,-,0.0,0,NA,NA,Y,11169,-,-,Geofence Not Mapped,-
Ord_3668607_test,=("Ord_8334992_test"),Test Automation Client,Mumbai,Mumbai,"A901 Supreme Business Park,South Avenue,Near Hiranandani Gardens,Mumbai,Maharashtra,INDIA,400076",19.1093,72.8545,Delivery,Forward,,,"03, Jun 2019 01:54 AM","08, Jun 2019 02:44 AM","08, Jun 2019 03:14 AM",,Prepaid,0.0000,-,0.0000,-,-,-,,,Not Dispatched,15,-,User_5211492,5292064,Planning,TRIP-9605,"08, Jun 2019 02:59 AM",=(""),=(""),20.712,,18.998411178588867,,"08, Jun 2019 02:03 AM","08, Jun 2019 02:59 AM",,=(""),=(""),,,,,1,Cust_8101,User_8987,,10,,,,-,0.0,0,NA,NA,Y,11170,-,-,Geofence Not Mapped,-
Ord_0096950_test,=("ord_068379189728_test"),Test Automation Client,Test Automation Client Main Branch,Test Automation Client Main Branch,"A901 Supreme Business Park,South Avenue,Near Hiranandani Gardens,Mumbai,Maharashtra,INDIA,400076",19.1122,72.9099,Delivery,Forward,,,"03, Jun 2019 01:54 AM","08, Jun 2019 02:44 AM","08, Jun 2019 03:14 AM",,Prepaid,0.0000,-,0.0000,-,-,-,,,Not Dispatched,15,-,,-,-,,=(""),=(""),=(""),0.0,,0.68,,=(""),=(""),,=(""),=(""),,,,,,Cust_5618,User_0841,,10,,,,-,0.0,0,NA,NA,Y,11170,-,-,Geofence Not Mapped,-
Ord_9786512_test,=("ord_994003308477_test"),Test Automation Client,Test Automation Client Main Branch,Test Automation Client Main Branch,"A901 Supreme Business Park,South Avenue,Near Hiranandani Gardens,Mumbai,Maharashtra,INDIA,400076",19.1122,72.9099,Delivery,Forward,,,"03, Jun 2019 01:49 AM","08, Jun 2019 02:39 AM","08, Jun 2019 03:09 AM",,Prepaid,0.0000,-,0.0000,-,-,-,,,Not Dispatched,15,-,,-,-,,=(""),=(""),=(""),0.0,,0.68,,=(""),=(""),,=(""),=(""),,,,,,Cust_9213,User_2912,,10,,,,-,0.0,0,NA,NA,Y,11175,-,-,Geofence Not Mapped,-
Ord_6765543_test,=("Ord_6343284_test"),Test Automation Client,Kolkata,Kolkata,"A901 Supreme Business Park,South Avenue,Near Hiranandani Gardens,Kolkata,Maharashtra,INDIA,400076",19.1093,72.8545,Delivery,Forward,,,"03, Jun 2019 01:47 AM","08, Jun 2019 02:37 AM","08, Jun 2019 03:07 AM",,Prepaid,0.0000,500.0000,0.0000,-,,-,0.0000,0.0000,Delivered,15,1,User_3554149,0075814,Planning,TRIP-9603,"09, Jun 2019 01:50 PM","07, Jun 2019 08:18 PM","07, Jun 2019 08:24 PM",2046.29,2039.561,1656.144287109375,0.0,"07, Jun 2019 08:18 PM","09, Jun 2019 01:50 PM",5,"07, Jun 2019 08:23 PM","07, Jun 2019 08:24 PM",19.13393,72.91116,19.1116436,72.9093874,1,Cust_2060,User_9181,0,1,,,,-,0.0,1,NA,NA,N,-,-,-,Geofence Not Mapped,-
Ord_7699355_test,=("ord_258484874649_test"),Test Automation Client,Test Automation Client Main Branch,Test Automation Client Main Branch,"A901 Supreme Business Park,South Avenue,Near Hiranandani Gardens,Mumbai,Maharashtra,INDIA,400076",19.1122,72.9099,Delivery,Forward,,,"03, Jun 2019 01:44 AM","08, Jun 2019 02:34 AM","08, Jun 2019 03:04 AM",,Prepaid,0.0000,-,0.0000,-,-,-,,,Not Dispatched,15,-,,-,-,,=(""),=(""),=(""),0.0,,0.68,,=(""),=(""),,=(""),=(""),,,,,,Cust_8462,User_7269,,10,,,,-,0.0,0,NA,NA,Y,11180,-,-,Geofence Not Mapped,-
Ord_5897480_test,=("ord_793646395968_test"),Test Automation Client,Test Automation Client Main Branch,Test Automation Client Main Branch,"A901 Supreme Business Park,South Avenue,Near Hiranandani Gardens,Mumbai,Maharashtra,INDIA,400076",19.1093,72.8545,Delivery,Forward,,,"03, Jun 2019 01:38 AM","08, Jun 2019 02:28 AM","08, Jun 2019 02:58 AM",,Prepaid,0.0000,-,0.0000,-,-,-,,,Not Dispatched,15,-,User_029431171,E_93650064,Manually,TRIP-9599,"10, Jun 2019 02:24 AM",=(""),=(""),8.57,,5.777494430541992,,"10, Jun 2019 01:42 AM","10, Jun 2019 02:24 AM",,=(""),=(""),,,,,1,Cust_7379,User_3694,,10,,,,-,0.0,0,NA,NA,Y,11185,-,-,Geofence Not Mapped,-
Ord_8432712_test,=("ord_200710607225_test"),Test Automation Client,Test Automation Client Main Branch,Test Automation Client Main Branch,"A901 Supreme Business Park,South Avenue,Near Hiranandani Gardens,Mumbai,Maharashtra,INDIA,400076",19.1093,72.8545,Delivery,Forward,,,"03, Jun 2019 01:20 AM","08, Jun 2019 02:10 AM","08, Jun 2019 02:40 AM",,Prepaid,0.0000,-,0.0000,-,-,-,,,Not Dispatched,15,-,,-,-,,=(""),=(""),=(""),0.0,,5.777494430541992,,=(""),=(""),,=(""),=(""),,,,,,Cust_6890,User_1582,,10,,,,-,0.0,0,NA,NA,Y,11204,OUTSCANNED,-,Geofence Not Mapped,-
Ord_2520864_test,=("ord_456742744166_test"),Test Automation Client,Test Automation Client Main Branch,Test Automation Client Main Branch,"A901 Supreme Business Park,South Avenue,Near Hiranandani Gardens,Mumbai,Maharashtra,INDIA,400076",19.1093,72.8545,Delivery,Forward,,,"03, Jun 2019 01:16 AM","08, Jun 2019 02:06 AM","08, Jun 2019 02:36 AM",,Prepaid,0.0000,-,0.0000,-,-,-,,,Not Dispatched,15,-,,-,-,,=(""),=(""),=(""),0.0,,5.777494430541992,,=(""),=(""),,=(""),=(""),,,,,,Cust_0648,User_6073,,10,,,,-,0.0,0,NA,NA,Y,11207,-,-,Geofence Not Mapped,-
Ord_8287483_test,=("ord_881924976340_test"),Test Automation Client,Test Automation Client Main Branch,Test Automation Client Main Branch,"A901 Supreme Business Park,South Avenue,Near Hiranandani Gardens,Mumbai,Maharashtra,INDIA,400076",19.1093,72.8545,Delivery,Forward,,,"03, Jun 2019 01:11 AM","08, Jun 2019 02:01 AM","08, Jun 2019 02:31 AM",,Prepaid,0.0000,-,0.0000,-,-,-,,,Not Dispatched,15,-,,-,-,,=(""),=(""),=(""),0.0,,5.777494430541992,,=(""),=(""),,=(""),=(""),,,,,,Cust_4039,User_6642,,10,,,,-,0.0,0,NA,NA,Y,11212,-,-,Geofence Not Mapped,-
Ord_7907391_test,=("ord_100984766807_test"),Test Automation Client,Test Automation Client Main Branch,Test Automation Client Main Branch,"A901 Supreme Business Park,South Avenue,Near Hiranandani Gardens,Mumbai,Maharashtra,INDIA,400076",19.1093,72.8545,Delivery,Forward,,,"03, Jun 2019 01:05 AM","08, Jun 2019 01:55 AM","08, Jun 2019 02:25 AM",,Prepaid,0.0000,-,0.0000,-,-,-,,,Not Dispatched,15,-,,-,-,,=(""),=(""),=(""),0.0,,5.777494430541992,,=(""),=(""),,=(""),=(""),,,,,,Cust_4866,User_2977,,10,,,,-,0.0,0,NA,NA,Y,11219,-,-,Geofence Not Mapped,-
Ord_4941431_test,=("Ord_6195970_test"),Test Automation Client,Delhi,Delhi,"A901 Supreme Business Park,South Avenue,Near Hiranandani Gardens,Delhi,Maharashtra,INDIA,400076",19.1093,72.8545,Delivery,Forward,,,"03, Jun 2019 12:53 AM","08, Jun 2019 01:43 AM","08, Jun 2019 02:13 AM",,Prepaid,0.0000,-,0.0000,-,-,-,0.0000,,Pickedup,15,-,User_1841072,1956358,Manually,TRIP-9592,"07, Jun 2019 07:55 PM","07, Jun 2019 07:27 PM",=(""),2.87,,1.6686804294586182,,"07, Jun 2019 07:27 PM","07, Jun 2019 07:55 PM",,"07, Jun 2019 07:27 PM",=(""),19.1118055,72.9093928,,,1,Cust_9140,User_9001,,1,,,,-,0.0,0,NA,NA,Y,11231,-,-,Geofence Not Mapped,-
﻿